,Symbol,Name,Category,Open,High,Low,Close,Volume,IndexClose,CVI,LTI,STI,VI,SecState,VWRS,VWRS_1wk,RS,GapDown,Thermostat,Days
2025-07-09,GLDM,SPDR Gold MiniShares,Precious Metal,65.26000213623047,65.67990112304688,65.18499755859375,65.6500015258789,2964953.0,624.0599975585938,98.0,1.0,1.0,1.0,1.0,0.0004431938737919651,0.0005052234429632445,-1.0,0.0,1.0,17.0
2025-07-09,GLD,SPDR Gold Trust,Precious Metal,303.5799865722656,305.5350036621094,303.2300109863281,305.5199890136719,10536717.0,624.0599975585938,98.0,1.0,4.0,1.0,2.0,0.000443429103814413,0.0005005487378283629,-1.0,0.0,2.0,26.0
2025-07-09,XLF,Financial Select Sector SPDR,Sector,52.47999954223633,52.496498107910156,52.13999938964844,52.400001525878906,36609430.0,624.0599975585938,98.0,1.0,1.0,1.0,1.0,0.00032965993515459547,0.00021960739525259696,-1.0,0.0,1.0,44.0
2025-07-09,XLB,Materials Select Sector SPDR,Sector,91.47000122070312,91.87999725341797,90.91999816894531,91.77999877929688,6717667.0,624.0599975585938,104.0,1.0,1.0,1.0,1.0,0.0003154878425470383,0.00020632040084022125,1.0,0.0,1.0,5.0
2025-07-09,XLC,Communication Services Sector ETF,Sector,106.83999633789062,107.69999694824219,106.58999633789062,107.05999755859375,4973881.0,624.0599975585938,97.0,1.0,1.0,1.0,1.0,0.0004049615656703898,0.0003495383745824537,-1.0,0.0,1.0,46.0
2025-07-09,XLE,Energy Select Sector SPDR,Sector,88.29000091552734,88.63999938964844,87.80000305175781,88.05999755859375,14230327.0,624.0599975585938,133.0,4.0,1.0,1.0,7.0,0.00011903408000608299,7.014769911647949e-06,1.0,0.0,1.0,20.0
2025-07-09,XLI,Industrial Select Sector SPDR,Sector,149.8699951171875,150.0399932861328,148.89999389648438,149.89999389648438,10169769.0,624.0599975585938,96.0,1.0,1.0,1.0,1.0,0.00041473692518245834,0.0003176551260527815,1.0,0.0,1.0,43.0
2025-07-09,XLK,Technology Select Sector SPDR,Sector,257.20001220703125,258.79998779296875,255.9149932861328,257.8299865722656,6463388.0,624.0599975585938,135.0,1.0,1.0,1.0,1.0,0.00041407091230896936,0.0002388955468266023,1.0,0.0,1.0,39.0
2025-07-09,XLP,Consumer Staples Select Sector SPDR,Sector,81.45999908447266,81.5199966430664,80.37000274658203,80.81999969482422,22176336.0,624.0599975585938,69.0,1.0,1.0,1.0,1.0,0.00024870268739696097,0.00017132067571804126,-1.0,0.0,1.0,59.0
2025-07-09,XLRE,SPDR S&P Real Estate ETF,Sector,41.459999084472656,41.52000045776367,41.23500061035156,41.400001525878906,4860378.0,624.0599975585938,84.0,4.0,4.0,1.0,8.0,0.00023149735696191892,0.00010820925082457417,-1.0,0.0,2.0,9.0
2025-07-09,XLU,Utilities Select Sector SPDR,Sector,81.45999908447266,82.05999755859375,80.88500213623047,81.9000015258789,20074486.0,624.0599975585938,81.0,1.0,4.0,1.0,2.0,0.0002941796080920673,0.00023258287705602137,-1.0,0.0,2.0,44.0
2025-07-09,XLV,Health Care Select Sector SPDR,Sector,135.25,135.9199981689453,134.42649841308594,135.49000549316406,13959831.0,624.0599975585938,89.0,4.0,1.0,1.0,7.0,2.730996707027114e-05,6.165427157030414e-05,-1.0,0.0,2.0,19.0
2025-07-09,XLY,Consumer Discretionary Select Sector SPDR,Sector,218.6300048828125,219.5800018310547,217.80999755859375,218.9499969482422,2432437.0,624.0599975585938,125.0,1.0,1.0,1.0,1.0,7.071328228632809e-05,-3.9263969374116695e-06,-1.0,0.0,1.0,40.0
2025-07-09,FPE,First Trust Preferred Securities and Income ETF,Income,17.8799991607666,17.899999618530273,17.8700008392334,17.889999389648438,975226.0,624.0599975585938,27.0,1.0,1.0,1.0,1.0,0.0006064255747830867,0.00036985531555932426,-1.0,0.0,1.0,410.0
2025-07-09,SPYV,SPDR Large Cap Value,Style,53.02000045776367,53.0635986328125,52.69499969482422,53.02000045776367,1749901.0,624.0599975585938,83.0,1.0,1.0,1.0,1.0,0.0002867217646079349,0.0001575510920276471,-1.0,0.0,1.0,13.0
2025-07-09,EWI,Italy Index,Region,48.95000076293945,49.20000076293945,48.83530044555664,49.16999816894531,145144.0,624.0599975585938,103.0,1.0,1.0,1.0,1.0,0.0007339198140605412,0.000692523745793678,1.0,0.0,1.0,51.0
2025-07-09,EPU,iShares MSCI All Peru Capped ETF,Region,49.0099983215332,48.990299224853516,48.75,48.810001373291016,6779.0,624.0599975585938,108.0,1.0,1.0,1.0,1.0,0.0005999654622199663,0.0005800400200915828,-1.0,0.0,1.0,197.0
2025-07-09,DGT,SPDR Global Dow ETF,Style,151.67999267578125,152.0500030517578,151.27499389648438,152.0500030517578,12269.0,624.0599975585938,84.0,1.0,1.0,1.0,1.0,0.0005314123104746645,0.00043689680027057045,-1.0,0.0,1.0,40.0
2025-07-09,FEZ,SPDR Euro STOXX 50 ETF,Region,60.95000076293945,61.2400016784668,60.78499984741211,61.2400016784668,1098762.0,624.0599975585938,98.0,1.0,1.0,1.0,1.0,0.000611933924910621,0.0005502372751814232,1.0,0.0,1.0,53.0
2025-07-09,VRP,Variable Rate Pref,Income,24.549999237060547,24.549999237060547,24.489999771118164,24.540000915527344,677539.0,624.0599975585938,21.0,1.0,1.0,1.0,1.0,0.0006488587788969258,0.0004398661818673999,-1.0,0.0,1.0,551.0
2025-07-09,XHB,SPDR Homebuilders ETF,Industry,102.48999786376953,105.20999908447266,102.30500030517578,105.0,3493374.0,624.0599975585938,150.0,4.0,1.0,3.0,9.0,0.00011123453395622313,-4.0031549562823644e-05,1.0,0.0,1.0,6.0
2025-07-09,PBJ,Dynamic Food & Beverage,Industry,47.84000015258789,47.70000076293945,47.42129898071289,47.695499420166016,7610.0,624.0599975585938,74.0,1.0,1.0,1.0,1.0,0.00019280340173881728,5.956235316014008e-05,-1.0,0.0,1.0,36.0
2025-07-09,^GSPC,S&P 500 Index,Style,6243.330078125,6269.16015625,6231.43017578125,6263.259765625,2811985000.0,624.0599975585938,97.0,1.0,1.0,1.0,1.0,0.00031474807737010365,0.0001864426123884378,-1.0,0.0,1.0,39.0
2025-07-09,SPY,SPDR S&P 500 ETF,Style,622.77001953125,624.719970703125,620.9105224609375,624.0599975585938,60814565.0,624.0599975585938,101.0,1.0,1.0,1.0,1.0,0.00031605861940910883,0.00019272504552508935,1.0,0.0,1.0,37.0
2025-07-09,ITA,US Aerospace & Defense,Industry,187.9600067138672,189.1790008544922,187.0,188.91000366210938,489304.0,624.0599975585938,110.0,1.0,1.0,1.0,1.0,0.0006819911199533331,0.0006469677915035587,1.0,0.0,1.0,51.0
2025-07-09,EQL,Equal Sector Weight ETF,Style,44.34000015258789,44.293399810791016,44.11000061035156,44.293399810791016,10437.0,624.0599975585938,80.0,1.0,1.0,1.0,1.0,0.000312682794724593,0.0001933153775244735,-1.0,0.0,1.0,36.0
2025-07-09,IWB,Russell 1000 Index FUnd,Style,342.1499938964844,343.3599853515625,341.3800048828125,343.1499938964844,756719.0,624.0599975585938,98.0,1.0,1.0,1.0,1.0,0.0003252967911726541,0.0001937256122056772,1.0,0.0,1.0,41.0
2025-07-09,IOO,iShares Global 100 ETF,Style,108.87000274658203,109.56990051269531,108.87999725341797,109.4000015258789,120646.0,624.0599975585938,99.0,1.0,1.0,1.0,1.0,0.0003906801184377774,0.00024930820503853965,1.0,0.0,1.0,39.0
2025-07-09,KIE,SPDR S&P Insurance ETF,Industry,58.380001068115234,58.31999969482422,57.76499938964844,57.939998626708984,661076.0,624.0599975585938,108.0,1.0,4.0,1.0,2.0,0.00014105474218789572,0.00014339570029879721,-1.0,0.0,2.0,39.0
2025-07-09,MDYG,SPDR S&P 400 Mid Cap Growth ETF,Style,88.51000213623047,88.6572036743164,87.99009704589844,88.58000183105469,55522.0,624.0599975585938,110.0,1.0,1.0,1.0,1.0,0.0001657279241739755,3.8648185160830516e-05,1.0,0.0,1.0,36.0
2025-07-09,EZU,EMU Index,Region,60.41999816894531,60.66999816894531,60.279998779296875,60.63999938964844,1144707.0,624.0599975585938,93.0,1.0,1.0,1.0,1.0,0.0006870742520831056,0.0006270942461275576,1.0,0.0,1.0,51.0
2025-07-09,IAI,iShares U.S. Broker-Dealers ETF,Industry,170.07000732421875,170.6699981689453,169.4499969482422,170.6699981689453,136519.0,624.0599975585938,121.0,1.0,1.0,1.0,1.0,0.0005612128525157914,0.0004042270054175896,1.0,0.0,1.0,49.0
2025-07-09,DBA,Invesco DB Agriculture Fund,Industry,25.780000686645508,25.93000030517578,25.739999771118164,25.93000030517578,121504.0,624.0599975585938,68.0,1.0,4.0,1.0,2.0,-0.00024520052332555135,-0.0001758096964155906,-1.0,0.0,2.0,6.0
2025-07-09,ENFR,Alerian Energy Infrastructure ETF,Industry,31.65999984741211,31.65999984741211,31.330699920654297,31.399999618530273,60861.0,624.0599975585938,97.0,1.0,4.0,1.0,2.0,2.7632825423902754e-05,8.556623334363062e-05,-1.0,0.0,2.0,40.0
2025-07-09,SPGM,SPDR Portfolio MSCI Global Stock Market ETF,Style,69.45999908447266,69.70500183105469,69.37999725341797,69.62000274658203,31090.0,624.0599975585938,88.0,1.0,1.0,1.0,1.0,0.000424669660580521,0.00030505693349912593,-1.0,0.0,1.0,40.0
2025-07-09,RSP,Equal Weight S&P 500,Style,184.75,184.82000732421875,183.55999755859375,184.7100067138672,11300598.0,624.0599975585938,90.0,1.0,1.0,1.0,1.0,0.0002900746660505069,0.00015458005417638988,-1.0,0.0,1.0,7.0
2025-07-09,ITB,US Home Construction,Industry,96.13999938964844,99.43990325927734,96.13999938964844,99.20999908447266,4889658.0,624.0599975585938,155.0,4.0,1.0,3.0,9.0,5.113898638610973e-05,-8.585657695347072e-05,1.0,0.0,1.0,12.0
2025-07-09,EWN,Netherlands Index,Region,54.439998626708984,54.61320114135742,54.37990188598633,54.58000183105469,4035.0,624.0599975585938,101.0,1.0,1.0,1.0,1.0,0.0005574195789182943,0.0004924047524771856,-1.0,0.0,1.0,46.0
2025-07-09,OUSA,O'Shares FTSE US Quality Dividend,Style,54.51919937133789,54.539398193359375,54.170101165771484,54.5,24389.0,624.0599975585938,77.0,1.0,1.0,4.0,5.0,0.00022141902240654552,0.0001250599193215795,-1.0,0.0,2.0,65.0
2025-01-08,FM,MSCI Frontier 100 Index Fund,Region,27.190000534057617,27.190000534057617,27.190000534057617,27.190000534057617,0.0,585.9896850585938,28.0,4.0,4.0,1.0,8.0,-0.00028677377019294294,-0.00028453409417938475,1.0,0.0,2.0,171.0
2025-07-09,DIA,Dow Jones Industrial Average ETF,Style,444.3900146484375,445.6000061035156,442.2799987792969,444.5199890136719,3123117.0,624.0599975585938,90.0,1.0,1.0,1.0,1.0,0.0002890437195069376,0.0001942769704661357,-1.0,0.0,1.0,8.0
2025-07-09,EWP,Spain Index,Region,45.11000061035156,45.33000183105469,45.0099983215332,45.279998779296875,283966.0,624.0599975585938,106.0,1.0,1.0,1.0,1.0,0.0008443474401768275,0.000771316553936877,1.0,0.0,1.0,57.0
2025-07-09,SPEU,SPDR Portfolio Europe ETF,Region,48.9900016784668,49.18000030517578,48.856201171875,49.18000030517578,39296.0,624.0599975585938,83.0,1.0,1.0,1.0,1.0,0.00069229491038332,0.0006217617134087129,1.0,0.0,1.0,55.0
2025-07-09,EFA,iShares MSCI EAFE ETF,Style,89.58999633789062,89.9000015258789,89.375,89.87000274658203,8608568.0,624.0599975585938,84.0,1.0,1.0,1.0,1.0,0.0005678892209923838,0.0005236443054515015,-1.0,0.0,1.0,45.0
2025-07-09,SPDW,EAFE-State Street,Style,40.59000015258789,40.709999084472656,40.49169921875,40.70000076293945,2429941.0,624.0599975585938,83.0,1.0,1.0,1.0,1.0,0.0006136689039648269,0.0005654555890310557,-1.0,0.0,1.0,54.0
2025-07-09,SPMD,SPDR Midcap,Style,55.849998474121094,55.8650016784668,55.41469955444336,55.81999969482422,768796.0,624.0599975585938,107.0,1.0,1.0,1.0,1.0,0.00019599385753782853,4.563201432617442e-05,1.0,0.0,1.0,6.0
2025-07-09,MDY,SPDR MidCap Trust Series I,Style,581.8699951171875,582.0969848632812,577.4500122070312,581.6599731445312,472401.0,624.0599975585938,107.0,1.0,1.0,1.0,1.0,0.0001920224576225683,4.2367067555612366e-05,1.0,0.0,1.0,36.0
2025-07-09,IWF,Russell 1000 Growth,Style,426.5799865722656,429.510009765625,426.55499267578125,428.8299865722656,820039.0,624.0599975585938,119.0,1.0,1.0,1.0,1.0,0.0003109807679689584,0.0001805952892109827,1.0,0.0,1.0,39.0
2025-07-09,IGM,iShares North American Tech ETF,Industry,113.06999969482422,113.87000274658203,112.89990234375,113.61000061035156,288838.0,624.0599975585938,134.0,1.0,1.0,1.0,1.0,0.00039165883976682853,0.00025405449697620393,1.0,0.0,1.0,40.0
2025-07-09,CUT,Timber ETF,Commodity,30.989999771118164,31.083999633789062,30.97760009765625,31.07979965209961,1218.0,624.0599975585938,99.0,4.0,4.0,1.0,8.0,-3.877851951621305e-06,-0.00012299562974910492,1.0,0.0,4.0,26.0
2025-07-09,SDY,SPDR S&P Dividend,Style,138.5800018310547,138.71499633789062,137.7274932861328,138.6199951171875,218581.0,624.0599975585938,77.0,1.0,1.0,4.0,5.0,0.0003244234848522837,0.00017075946370763187,-1.0,0.0,2.0,5.0
2025-07-09,CWI,SPDR MSCI ACWI ex-US ETF,Region,32.720001220703125,32.790000915527344,32.625,32.77000045776367,122734.0,624.0599975585938,81.0,1.0,1.0,1.0,1.0,0.000592958288922499,0.0005222337729049358,-1.0,0.0,1.0,45.0
2025-07-09,SPYG,SPDR Large Cap Growth,Style,95.6050033569336,96.16000366210938,95.56999969482422,96.0,1832943.0,624.0599975585938,117.0,1.0,1.0,1.0,1.0,0.0003429497037078211,0.00022760571191559549,1.0,0.0,1.0,40.0
2025-07-09,VEA,Europe Pacific,Region,57.15999984741211,57.33000183105469,57.01129913330078,57.310001373291016,9472977.0,624.0599975585938,83.0,1.0,1.0,1.0,1.0,0.000615240173140662,0.0005677630055410382,-1.0,0.0,1.0,45.0
2025-07-09,TDIV,NASDAQ Technology Dividend Index Fund,Style,92.2300033569336,92.54499816894531,91.5,92.0999984741211,103271.0,624.0599975585938,121.0,1.0,1.0,1.0,1.0,0.0005768146812162718,0.0004006826553640531,1.0,0.0,1.0,40.0
2025-07-09,EWQ,France Index,Region,43.65999984741211,43.849998474121094,43.560001373291016,43.84000015258789,161762.0,624.0599975585938,92.0,1.0,1.0,1.0,1.0,0.0005791912485706135,0.0005309594162416315,1.0,0.0,1.0,53.0
2025-07-09,PCY,Emerging Mkts Debt,Income,20.34000015258789,20.539499282836914,20.280099868774414,20.489999771118164,146461.0,624.0599975585938,57.0,1.0,1.0,1.0,1.0,0.00042162822784755014,0.00032959326451967715,-1.0,0.0,1.0,27.0
2025-07-09,CGW,S&P Global Water Index ETF,Commodity,62.5099983215332,62.55910110473633,62.150001525878906,62.55540084838867,17290.0,624.0599975585938,75.0,1.0,1.0,1.0,1.0,0.0005710462426797569,0.0005355763593872934,-1.0,0.0,1.0,44.0
2025-07-09,EPOL,iShares MSCI Poland Capped ETF,Region,32.619998931884766,32.769901275634766,32.5099983215332,32.720001220703125,134839.0,624.0599975585938,149.0,1.0,1.0,1.0,1.0,0.0007645572866888228,0.0006716662432259737,1.0,0.0,1.0,55.0
2025-07-09,ARGT,FTSE Argentina 20 ETF,Region,85.20999908447266,85.33000183105469,83.36000061035156,83.45999908447266,379447.0,624.0599975585938,146.0,1.0,4.0,1.0,2.0,-0.00012926266293254737,-0.00015135927737429324,-1.0,0.0,2.0,24.0
2025-07-09,COPX,Copper Miners ETF,Commodity,45.599998474121094,45.599998474121094,44.5,44.90999984741211,2252130.0,624.0599975585938,172.0,1.0,1.0,1.0,1.0,0.00036551078816931675,0.00033422912179215694,-1.0,0.0,1.0,33.0
2025-07-09,FDN,DJ Internet Index Fund,Industry,268.45001220703125,269.80999755859375,267.82501220703125,269.510009765625,179444.0,624.0599975585938,122.0,1.0,1.0,1.0,1.0,0.0003390254230135245,0.00026008180987861605,1.0,0.0,1.0,51.0
2025-07-09,XRT,SPDR S&P Retail ETF,Industry,80.18000030517578,80.2699966430664,79.51000213623047,80.19000244140625,3677070.0,624.0599975585938,127.0,1.0,1.0,1.0,1.0,0.00018823183953070667,4.9451243596638444e-05,1.0,0.0,1.0,28.0
2025-07-09,QQQ,Invesco QQQ Trust,Style,554.52001953125,557.6300048828125,553.0999755859375,556.25,42444251.0,624.0599975585938,118.0,1.0,1.0,1.0,1.0,0.00033675790520694936,0.00021634523357367958,1.0,0.0,1.0,40.0
2025-07-09,EWW,Mexico,Region,60.970001220703125,61.06999969482422,60.224998474121094,60.279998779296875,1046976.0,624.0599975585938,109.0,1.0,1.0,1.0,1.0,0.0005669099903884714,0.0005407685774980413,-1.0,0.0,1.0,79.0
2025-07-09,EMTL,SPDR Emerging Market Fixed Income,Income,42.97829818725586,43.00630187988281,42.97829818725586,43.0,2168.0,624.0599975585938,14.0,1.0,1.0,1.0,1.0,0.0009198244828596452,0.000849752339001119,-1.0,0.0,1.0,620.0
2025-07-09,DVY,Select Dividend,Style,136.52000427246094,136.52000427246094,135.32899475097656,136.0500030517578,483819.0,624.0599975585938,85.0,1.0,1.0,1.0,1.0,0.00029260405690578403,0.00011884196683461124,-1.0,0.0,1.0,6.0
2025-07-09,XAR,SPDR S&P Aerospace & Defense ETF,Industry,209.25999450683594,210.10000610351562,207.8350067138672,210.0,162287.0,624.0599975585938,122.0,1.0,1.0,1.0,1.0,0.0006240866159322507,0.0005626544703495196,1.0,0.0,1.0,56.0
2025-07-09,PGX,Preferred Portfolio,Income,11.300000190734863,11.329999923706055,11.279999732971191,11.3100004196167,2684299.0,624.0599975585938,40.0,4.0,1.0,1.0,7.0,0.0003286632858822078,-3.304378223422926e-05,-1.0,0.0,2.0,23.0
2025-07-09,SCZ,MSCI EAFE Small-Cap ETF,Style,72.91000366210938,73.2300033569336,72.80500030517578,73.22000122070312,2416158.0,624.0599975585938,79.0,1.0,4.0,1.0,2.0,0.0007503070638235593,0.0006505975541147742,1.0,0.0,1.0,54.0
2025-07-09,QQEW,NASDAQ-100 Equal Weighted Index Fund,Style,137.97999572753906,138.40769958496094,137.2449951171875,138.07000732421875,43724.0,624.0599975585938,109.0,1.0,1.0,1.0,1.0,0.0003386109368954295,0.0002155856668681393,-1.0,0.0,1.0,40.0
2025-07-09,SIL,Silver Miners ETF,Industry,47.61000061035156,48.41510009765625,47.36000061035156,48.2599983215332,921803.0,624.0599975585938,187.0,1.0,4.0,3.0,4.0,0.0006303406812012827,0.0006619329124850972,-1.0,0.0,2.0,33.0
2025-07-09,QTEC,NASDAQ-100-Technology Sector Index Fund,Style,217.22000122070312,217.91000366210938,215.52999877929688,216.9499969482422,70951.0,624.0599975585938,146.0,1.0,1.0,1.0,1.0,0.00040307426768944533,0.00025835588060353637,1.0,0.0,1.0,40.0
2025-07-09,FDD,STOXX European Select Dividend Index Fund,Region,15.6899995803833,15.75,15.660699844360352,15.73799991607666,259841.0,624.0599975585938,88.0,1.0,1.0,1.0,1.0,0.0009803168058554917,0.0009104158380923572,1.0,0.0,1.0,56.0
2025-07-09,EWO,Austria Index,Region,29.469999313354492,29.899999618530273,29.534400939941406,29.8799991607666,35296.0,624.0599975585938,108.0,1.0,1.0,1.0,1.0,0.00087597383304107,0.0008026903591344061,1.0,0.0,1.0,51.0
2025-07-09,MDYV,SPDR S&P 400 Mid Cap Value ETF,Style,82.1500015258789,82.21990203857422,81.44999694824219,82.04000091552734,64260.0,624.0599975585938,107.0,1.0,1.0,1.0,1.0,0.0002198263103651827,5.162959212510106e-05,1.0,0.0,1.0,11.0
2025-07-09,XOP,SPDR S&P Oil & Gas Explor & Product,Industry,131.27999877929688,132.00999450683594,130.2100067138672,130.7100067138672,2329486.0,624.0599975585938,173.0,4.0,4.0,1.0,8.0,5.367841382613521e-05,-4.0924267800610026e-05,1.0,0.0,4.0,3.0
2025-07-09,FCG,ISE-Revere Natural Gas Index Fund,Commodity,23.84000015258789,23.84000015258789,23.579999923706055,23.6299991607666,246033.0,624.0599975585938,169.0,4.0,4.0,1.0,8.0,-2.4051611467602038e-06,-5.7521370051231594e-05,-1.0,0.0,4.0,6.0
2025-07-09,EIS,iShares MSCI Israel Capped ETF,Region,96.7699966430664,97.70989990234375,96.83000183105469,97.68000030517578,175440.0,624.0599975585938,135.0,1.0,1.0,4.0,5.0,0.0006607795587431271,0.0005215961846108146,1.0,0.0,1.0,52.0
2025-07-09,EDIV,SPDR S&P Emerging Markets Dividend ETF TIR,Style,38.459999084472656,38.459999084472656,38.23749923706055,38.31999969482422,99528.0,624.0599975585938,68.0,1.0,1.0,1.0,1.0,0.0005079067440143628,0.0003983629163268819,-1.0,0.0,1.0,48.0
2025-07-09,GDX,Market Vectors TR Gold Miners,Industry,50.849998474121094,51.65999984741211,50.560001373291016,51.5,19702209.0,624.0599975585938,186.0,1.0,4.0,3.0,4.0,0.0004697492563977942,0.0005662203039859204,-1.0,0.0,2.0,11.0
2025-07-09,EWD,Sweden Index,Region,45.900001525878906,46.04999923706055,45.75,46.04999923706055,62850.0,624.0599975585938,105.0,1.0,1.0,1.0,1.0,0.0005349508459621439,0.0004500945102581184,1.0,0.0,1.0,48.0
2025-07-09,SLV,Silver Trust,Commodity,33.09000015258789,33.13990020751953,32.959999084472656,33.0,17743303.0,624.0599975585938,124.0,1.0,4.0,3.0,4.0,0.0004870238304824125,0.00047882064570256973,-1.0,0.0,2.0,34.0
2025-07-09,IHI,iShares U.S. Medical Devices ETF,Industry,61.709999084472656,61.77000045776367,60.959999084472656,61.689998626708984,911467.0,624.0599975585938,90.0,1.0,1.0,1.0,1.0,0.0001257233274149536,0.00014794545259137973,-1.0,0.0,1.0,51.0
2025-07-09,SPFF,Super Preferred Dividend,Income,9.1899995803833,9.1899995803833,9.109999656677246,9.119999885559082,39885.0,624.0599975585938,59.0,4.0,1.0,1.0,7.0,0.00030964823759598096,-4.070255381941851e-05,1.0,0.0,1.0,6.0
2025-07-09,XME,SPDR S&P Metals & Mining ETF,Industry,68.88999938964844,68.88999938964844,68.05999755859375,68.48999786376953,1002069.0,624.0599975585938,143.0,1.0,1.0,1.0,1.0,0.0005114776496463132,0.0004266490685908965,-1.0,0.0,1.0,31.0
2025-07-09,JXI,iShares Global Utilities ETF,Industry,73.37999725341797,73.7426986694336,73.00039672851562,73.72000122070312,11565.0,624.0599975585938,75.0,1.0,1.0,1.0,1.0,0.0005168176658771558,0.00048036445870676186,-1.0,0.0,1.0,54.0
2025-07-09,SKYY,ISE Cloud Computing Index Fund,Industry,123.23999786376953,123.91999816894531,122.5801010131836,123.61000061035156,113907.0,624.0599975585938,140.0,1.0,1.0,1.0,1.0,0.00023198134874930824,8.889908704091362e-05,1.0,0.0,1.0,40.0
2025-07-09,KBE,SPDR S&P Bank ETF,Industry,58.790000915527344,58.88999938964844,58.11000061035156,58.380001068115234,925134.0,624.0599975585938,134.0,1.0,1.0,1.0,1.0,0.00032334384928190573,0.00010208739996305347,1.0,0.0,1.0,6.0
2025-07-09,QQXT,NASDAQ-100 Ex-Technology Sector Index,Style,99.5999984741211,99.5999984741211,99.05000305175781,99.58000183105469,9248.0,624.0599975585938,85.0,1.0,1.0,1.0,1.0,0.00023668970601310236,0.0001553657435385098,-1.0,0.0,1.0,42.0
2025-07-09,CWB,SPDR Convertible,Income,83.29000091552734,83.4749984741211,82.93000030517578,83.45999908447266,262137.0,624.0599975585938,56.0,1.0,1.0,1.0,1.0,0.0004634174776658728,0.0002748778063195116,1.0,0.0,1.0,44.0
2025-07-09,EWA,Australia Index,Region,26.209999084472656,26.264999389648438,26.110000610351562,26.239999771118164,1286981.0,624.0599975585938,104.0,1.0,4.0,1.0,2.0,0.00031074617921237956,0.00028387005122767215,-1.0,0.0,2.0,37.0
2025-07-09,SLYG,SPDR S&P 600 Small Cap Growth ETF,Style,90.20999908447266,90.76000213623047,89.63009643554688,90.69999694824219,86696.0,624.0599975585938,110.0,4.0,1.0,1.0,7.0,0.00016286357042834165,2.3582091231184217e-05,1.0,0.0,1.0,21.0
2025-07-09,IDV,iShares International Select Dividend ETF,Style,35.02000045776367,35.15999984741211,34.974998474121094,35.150001525878906,560365.0,624.0599975585938,74.0,1.0,1.0,1.0,1.0,0.0009651958697435469,0.0008743862459081856,1.0,0.0,1.0,55.0
2025-07-09,DIV,SuperDividend U.S. ETF,Style,17.8700008392334,17.870100021362305,17.75,17.799999237060547,108149.0,624.0599975585938,74.0,4.0,1.0,1.0,7.0,0.00021574551799978701,4.077211355609265e-05,-1.0,0.0,2.0,2.0
2025-07-09,WDIV,SPDR S&P Global Dividend ETF,Style,71.12999725341797,71.22679901123047,70.84500122070312,71.21849822998047,11787.0,624.0599975585938,61.0,1.0,1.0,1.0,1.0,0.000808885777343934,0.0006897964024905834,-1.0,0.0,1.0,54.0
2025-07-09,SPEM,State Street Emerging Markets,Style,42.900001525878906,42.900001525878906,42.7244987487793,42.83000183105469,920041.0,624.0599975585938,86.0,1.0,1.0,1.0,1.0,0.0004869871402190616,0.0003546867077835791,-1.0,0.0,1.0,52.0
2025-07-09,IWM,Russell 2000 Index,Style,222.57000732421875,223.69000244140625,221.11500549316406,223.64999389648438,32200823.0,624.0599975585938,114.0,1.0,1.0,1.0,1.0,0.0002436571328406034,4.627079192160079e-05,1.0,0.0,1.0,30.0
2025-07-09,IBND,SPDR Intl Corp Bond,Income,32.2599983215332,32.36000061035156,32.180198669433594,32.34000015258789,63875.0,624.0599975585938,44.0,1.0,1.0,1.0,1.0,0.0009603704413983085,0.0009335734580924299,-1.0,0.0,1.0,621.0
2025-07-09,EWM,Malaysia,Region,23.90999984741211,24.0,23.876699447631836,23.979999542236328,220491.0,624.0599975585938,81.0,1.0,1.0,1.0,1.0,0.00012165666668704528,3.5874297172043886e-05,-1.0,0.0,1.0,8.0
2025-07-09,NLR,Market Vectors Uranium+Nuclear Energy ETF,Commodity,105.80000305175781,105.80000305175781,104.06999969482422,105.16000366210938,407828.0,624.0599975585938,187.0,1.0,1.0,4.0,5.0,0.0005155281666027982,0.0005432577006251616,-1.0,0.0,2.0,39.0
2025-07-09,PICB,International Corporate Bond Portfolio,Income,23.969999313354492,24.0,23.93000030517578,24.0,39070.0,624.0599975585938,43.0,1.0,1.0,1.0,1.0,0.0008342914803930764,0.0008333548405494395,-1.0,0.0,1.0,60.0
2025-07-09,EEM,iShares MSCI Emerging Markets ETF,Style,48.380001068115234,48.380001068115234,48.154998779296875,48.290000915527344,14844365.0,624.0599975585938,90.0,1.0,1.0,1.0,1.0,0.0005388587856220063,0.0004258156101023608,-1.0,0.0,1.0,52.0
2025-07-09,SLX,Market Vectors Steel Index ETF Fund,Commodity,69.9800033569336,69.9800033569336,69.62999725341797,69.9800033569336,7931.0,624.0599975585938,137.0,1.0,1.0,1.0,1.0,0.00045890686400949744,0.0002923441761879235,1.0,0.0,1.0,31.0
2025-07-09,EPHE,iShares MSCI Philippines ETF,Region,27.139999389648438,27.235000610351562,27.09000015258789,27.149999618530273,173379.0,624.0599975585938,96.0,1.0,4.0,1.0,2.0,0.0002046337038738233,0.0001346903731227078,-1.0,0.0,2.0,12.0
2025-07-09,EWY,South Korea,Region,72.05999755859375,72.25499725341797,71.81999969482422,72.08000183105469,4749620.0,624.0599975585938,146.0,1.0,1.0,3.0,3.0,0.0007375200536646076,0.0007638064715670632,1.0,0.0,1.0,33.0
2025-07-09,PID,Intl Dividend Ach,Style,20.760000228881836,20.809999465942383,20.66939926147461,20.690000534057617,55587.0,624.0599975585938,67.0,1.0,1.0,1.0,1.0,0.0005762893276536465,0.0004699033249433092,-1.0,0.0,1.0,37.0
2025-07-09,EWK,Belgium Index,Region,22.071199417114258,22.139999389648438,22.013999938964844,22.11050033569336,27397.0,624.0599975585938,76.0,1.0,4.0,1.0,2.0,0.000678008857796831,0.000656956386760428,-1.0,0.0,2.0,58.0
2025-07-09,JNK,SPDR High Yield Bond,Income,96.52999877929688,96.67500305175781,96.48999786376953,96.66000366210938,3079382.0,624.0599975585938,31.0,1.0,1.0,1.0,1.0,0.00048122760655671054,0.00038384224644556373,-1.0,0.0,1.0,623.0
2025-07-09,SBIO,Biotech/Pharma,Industry,30.969999313354492,32.439998626708984,31.575599670410156,32.439998626708984,10439.0,624.0599975585938,174.0,4.0,1.0,3.0,9.0,0.00016882508766014352,-2.4431568343287353e-06,1.0,0.0,1.0,1.0
2025-07-09,INDY,S&P India Nifty Fifty Index Fund,Region,54.310001373291016,54.349998474121094,54.220001220703125,54.34000015258789,80194.0,624.0599975585938,72.0,1.0,1.0,1.0,1.0,0.0003074499312727567,0.00021103134189671472,-1.0,0.0,1.0,9.0
2025-07-09,GMF,SPDR S&P Emerging Asia Pacific ETF,Region,126.62000274658203,126.80999755859375,126.28980255126953,126.80999755859375,2613.0,624.0599975585938,91.0,1.0,1.0,1.0,1.0,0.0004403344238085211,0.0002916429966089017,-1.0,0.0,1.0,45.0
2025-07-09,FSZ,Switzerland,Region,77.65499877929688,78.27999877929688,77.65499877929688,78.27999877929688,1015.0,624.0599975585938,82.0,1.0,1.0,1.0,1.0,0.0007218173704473654,0.0006070758614352774,1.0,0.0,1.0,50.0
2025-07-09,XBI,SPDR S&P Biotech ETF,Industry,85.63999938964844,87.90499877929688,85.5999984741211,87.87000274658203,14861322.0,624.0599975585938,146.0,4.0,1.0,1.0,7.0,9.813968028389774e-05,-2.8050565964151163e-05,1.0,0.0,1.0,1.0
2025-07-09,LQD,iShares iBoxx $ Investment Grade Corporate Bond ETF,Income,108.3499984741211,108.73999786376953,108.24500274658203,108.72000122070312,33182911.0,624.0599975585938,37.0,1.0,1.0,1.0,1.0,0.00045324866245136054,0.0003985585630568941,-1.0,0.0,1.0,620.0
2025-07-09,TIP,iShares TIPS,Income,109.18000030517578,109.54000091552734,109.16000366210938,109.54000091552734,3659634.0,624.0599975585938,23.0,1.0,1.0,1.0,1.0,0.0005279110340194632,0.0004918156267525237,-1.0,0.0,1.0,553.0
2025-07-09,FTGC,Global Tactical Commodity,Commodity,25.059999465942383,25.135000228881836,25.010000228881836,25.110000610351562,359853.0,624.0599975585938,74.0,1.0,4.0,1.0,2.0,0.0001397586309340567,0.0001429407890402214,-1.0,0.0,2.0,51.0
2025-07-09,ILF,iShares Latin America 40 ETF,Region,26.280000686645508,26.280000686645508,25.915000915527344,25.940000534057617,950990.0,624.0599975585938,101.0,1.0,1.0,1.0,1.0,0.0005759286689080361,0.0005284193490682973,-1.0,0.0,1.0,53.0
2025-07-09,XSD,SPDR S&P Semiconductor ETF,Industry,264.7200012207031,267.2298889160156,261.7632141113281,266.42999267578125,56922.0,624.0599975585938,220.0,1.0,1.0,1.0,1.0,0.0002822821276417764,0.00012175984175003076,1.0,0.0,1.0,21.0
2025-07-09,RWX,SPDR DJ Wilshire Intl Real Estate TIR,Industry,27.010000228881836,27.1200008392334,26.940000534057617,27.06999969482422,12292.0,624.0599975585938,65.0,1.0,1.0,1.0,1.0,0.000779913560378914,0.0007718844999405243,-1.0,0.0,1.0,56.0
2025-07-09,DWX,International Dividend TIR,Style,42.0,42.04999923706055,41.91600036621094,42.04819869995117,35962.0,624.0599975585938,60.0,1.0,1.0,1.0,1.0,0.000821091543832011,0.0008688455641836138,-1.0,0.0,1.0,117.0
2025-07-09,XHS,SPDR S&P Health Care Services ETF,Industry,97.22000122070312,97.22000122070312,96.09850311279297,96.90280151367188,8109.0,624.0599975585938,96.0,1.0,4.0,1.0,2.0,6.0719913900641e-05,0.00020981786158327085,-1.0,0.0,2.0,32.0
2025-07-09,GSG,GSCI Commodity-Indexed Trust Fund,Commodity,22.43000030517578,22.604999542236328,22.420000076293945,22.549999237060547,463208.0,624.0599975585938,100.0,1.0,1.0,3.0,3.0,8.154006958724105e-05,6.980203804670761e-05,-1.0,0.0,1.0,23.0
2025-07-09,XSW,SPDR S&P Software & Services ETF,Industry,195.72999572753906,195.72999572753906,193.12010192871094,195.52999877929688,15547.0,624.0599975585938,143.0,1.0,1.0,1.0,1.0,0.000257445020026019,5.4941349034336706e-05,1.0,0.0,1.0,40.0
2025-07-09,VEGI,MSCI Global Agriculture Producers ETF,Industry,40.970001220703125,40.939998626708984,40.580101013183594,40.92620086669922,5457.0,624.0599975585938,84.0,1.0,4.0,1.0,2.0,0.00044520249049173236,0.00039631556332473034,-1.0,0.0,2.0,42.0
2025-07-09,FAN,ISE Global Wind Energy Index Fund,Industry,18.540000915527344,18.68000030517578,18.549999237060547,18.6200008392334,40166.0,624.0599975585938,105.0,1.0,1.0,1.0,1.0,0.0007421282253026563,0.0005764106018176747,-1.0,0.0,1.0,44.0
2025-07-09,EWT,Taiwan,Region,58.209999084472656,58.290000915527344,57.81999969482422,58.029998779296875,2224611.0,624.0599975585938,137.0,1.0,1.0,1.0,1.0,0.00036585056134268417,0.0002578182633859636,-1.0,0.0,1.0,38.0
2025-07-09,URA,Uranium ETF,Commodity,36.65999984741211,36.869998931884766,36.334999084472656,36.72999954223633,3746768.0,624.0599975585938,208.0,1.0,4.0,4.0,6.0,0.0006567648617205477,0.0006712820187961192,-1.0,0.0,4.0,2.0
2025-07-09,GYLD,Dow Jones Global Yield ETF,Style,13.199999809265137,13.380000114440918,13.070599555969238,13.260000228881836,11304.0,624.0599975585938,70.0,1.0,1.0,1.0,1.0,0.00048813316677688264,0.0003673071199815317,-1.0,0.0,1.0,51.0
2025-07-09,EWL,Swiss Index,Region,55.11000061035156,55.2952995300293,54.904998779296875,55.279998779296875,179740.0,624.0599975585938,82.0,1.0,4.0,1.0,2.0,0.0005408575330445109,0.0005394642157291108,-1.0,0.0,2.0,55.0
2025-07-09,VNQ,REIT ETF,Industry,89.33000183105469,89.45220184326172,88.80999755859375,89.19000244140625,3825737.0,624.0599975585938,85.0,4.0,4.0,1.0,8.0,0.00022057283444563294,7.976788663703853e-05,-1.0,0.0,2.0,9.0
2025-07-09,IGOV,S&P/Citigroup International Treasury Fund,Income,42.70000076293945,42.70000076293945,42.500099182128906,42.66999816894531,119849.0,624.0599975585938,47.0,1.0,1.0,1.0,1.0,0.0006877536171261623,0.0007089089815969372,-1.0,0.0,1.0,610.0
2025-07-09,EWX,State Street Emerging Mtk Small Caps,Style,62.380001068115234,62.4994010925293,62.2505989074707,62.33000183105469,11532.0,624.0599975585938,87.0,1.0,4.0,1.0,2.0,0.0004321090011427792,0.00028238380169779597,-1.0,0.0,2.0,46.0
2025-07-09,SLYV,SPDR S&P 600 Small Cap Value ETF,Style,83.06999969482422,83.33000183105469,82.2699966430664,83.2699966430664,228870.0,624.0599975585938,123.0,4.0,1.0,1.0,7.0,0.0001462589888149543,-5.8950387251575225e-05,1.0,0.0,1.0,21.0
2025-07-09,SJNK,SPDR Short Term HY,Income,25.329999923706055,25.360000610351562,25.309999465942383,25.350000381469727,3543304.0,624.0599975585938,28.0,1.0,1.0,1.0,1.0,0.000449957452929911,0.00035861234285071967,-1.0,0.0,1.0,623.0
2025-07-09,KRE,SPDR S&P Regional Banking ETF,Industry,63.64500045776367,63.71500015258789,62.775001525878906,63.119998931884766,11964377.0,624.0599975585938,144.0,1.0,1.0,1.0,1.0,0.0003034098100740736,6.420059133565601e-05,1.0,0.0,1.0,11.0
2025-07-09,SPAB,State Street Total Bond Market,INcome,25.34000015258789,25.420000076293945,25.329999923706055,25.420000076293945,1615636.0,624.0599975585938,25.0,1.0,1.0,1.0,1.0,0.0005191464384450108,0.0004874130782127492,-1.0,0.0,1.0,583.0
2025-07-09,IBB,Nasdaq Biotechnology,Industry,130.64999389648438,132.38999938964844,129.98789978027344,132.2899932861328,2453478.0,624.0599975585938,126.0,4.0,1.0,3.0,9.0,0.00010957886472771673,3.416471508850274e-05,1.0,0.0,1.0,5.0
2025-07-09,ECH,iShares MSCI Chile Capped ETF,Region,31.31999969482422,31.450000762939453,31.024999618530273,31.040000915527344,264407.0,624.0599975585938,112.0,1.0,1.0,1.0,1.0,0.0004171567273316557,0.0004378707348071131,-1.0,0.0,1.0,6.0
2025-07-09,SPMB,SPDR Portfolio Mortgage Backed Bond ETF,Income,21.93000030517578,21.979999542236328,21.910900115966797,21.959999084472656,700511.0,624.0599975585938,29.0,1.0,1.0,1.0,1.0,0.0004927948972367943,0.0004294829976104874,-1.0,0.0,1.0,607.0
2025-07-09,RWR,SPDR Wilshire REIT,Industry,96.68000030517578,96.69000244140625,96.1449966430664,96.3499984741211,120415.0,624.0599975585938,89.0,4.0,4.0,1.0,8.0,0.00012464825512534822,-1.7000493981192797e-06,-1.0,0.0,2.0,9.0
2025-07-09,AGG,Core Total U.S. Bond Market ETF,Income,98.20999908447266,98.48999786376953,98.12999725341797,98.48999786376953,11043529.0,624.0599975585938,25.0,1.0,1.0,1.0,1.0,0.0004982034894956755,0.0004563473894107646,-1.0,0.0,1.0,584.0
2025-07-09,MBB,iShares MBS ETF,Income,92.97000122070312,93.30999755859375,92.97000122070312,93.29000091552734,3626677.0,624.0599975585938,29.0,1.0,1.0,1.0,1.0,0.00047120429783601797,0.000403374439126698,-1.0,0.0,1.0,581.0
2025-07-09,BAB,Build America Bond,Income,26.389999389648438,26.47319984436035,26.334999084472656,26.469999313354492,771470.0,624.0599975585938,35.0,1.0,1.0,1.0,1.0,0.00039565429298080157,0.0003220837120414377,-1.0,0.0,1.0,604.0
2025-07-09,TIPX,SPDR Barclays 1-10 Year TIPS ETF,Income,19.020000457763672,19.059999465942383,19.020000457763672,19.059999465942383,109607.0,624.0599975585938,17.0,1.0,1.0,1.0,1.0,0.0006927502219706647,0.0006611779402247299,-1.0,0.0,1.0,559.0
2025-07-09,XTN,SPDR S&P Transportation ETF,Industry,83.76499938964844,84.07009887695312,83.49810028076172,84.07009887695312,6061.0,624.0599975585938,161.0,1.0,1.0,3.0,3.0,0.00012242089308505037,-1.2260018339796268e-05,1.0,0.0,1.0,28.0
2025-07-09,XHE,SPDR S&P Health Care Equipment ETF,Industry,81.08809661865234,81.66999816894531,80.49500274658203,81.6500015258789,6545.0,624.0599975585938,115.0,4.0,4.0,1.0,8.0,-0.0001472193828374821,-0.00018706648011385313,-1.0,0.0,4.0,86.0
2025-07-09,GNMA,Barclays GNMA Bond Fund,Income,43.43000030517578,43.7681999206543,43.43000030517578,43.70500183105469,10718.0,624.0599975585938,28.0,1.0,1.0,1.0,1.0,0.0005113453804163882,0.00040548226169175505,-1.0,0.0,1.0,576.0
2025-07-09,BWX,SPDR Intl Treasury,Income,23.15999984741211,23.204999923706055,23.090499877929688,23.190000534057617,250508.0,624.0599975585938,47.0,1.0,1.0,1.0,1.0,0.0005682106801748347,0.0006047495402625745,-1.0,0.0,1.0,619.0
2025-07-09,SPTL,SPDR Portfolio Long Term Treasury ETF,Income,26.010000228881836,26.209999084472656,26.0,26.200000762939453,5203355.0,624.0599975585938,61.0,4.0,4.0,1.0,8.0,0.00023682766080231437,0.00019738914244825433,-1.0,0.0,2.0,24.0
2025-07-09,EBND,SPDR Em Mkts Bnd,Income,21.25,21.28529930114746,21.24329948425293,21.280000686645508,209569.0,624.0599975585938,35.0,1.0,1.0,1.0,1.0,0.0008213597473197106,0.0008138552690368485,-1.0,0.0,1.0,627.0
2025-07-09,TLT,20+ Year Treasury Bond ETF,Income,86.19000244140625,86.93000030517578,86.17500305175781,86.93000030517578,29713859.0,624.0599975585938,66.0,4.0,4.0,1.0,8.0,0.00020948657200363374,0.0001734209470258708,-1.0,0.0,2.0,24.0
2025-07-09,FTSL,Senior Loan Fund,Income,46.02000045776367,46.060001373291016,46.0099983215332,46.040000915527344,294285.0,624.0599975585938,14.0,1.0,1.0,1.0,1.0,0.0005510074093377092,0.00048325727233214155,-1.0,0.0,1.0,627.0
2025-07-09,NORW,FTSE Norway 30 ETF,Region,29.709999084472656,29.489999771118164,29.040000915527344,29.334199905395508,9478.0,624.0599975585938,113.0,1.0,1.0,1.0,1.0,0.0005114569835910639,0.0005082511258647063,-1.0,0.0,1.0,49.0
2025-07-09,DTRE,FTSE EPRA/NAREIT Developed Markets Real Estate Index Fund,Region,39.880001068115234,39.87990188598633,39.75400161743164,39.75400161743164,422.0,624.0599975585938,81.0,1.0,1.0,1.0,1.0,0.0002806254822504274,0.00019853981391418956,-1.0,0.0,1.0,18.0
2025-07-09,FXB,British Pound,Currency,130.72999572753906,130.72999572753906,130.5749969482422,130.7100067138672,7856.0,624.0599975585938,37.0,1.0,1.0,1.0,1.0,0.0007253151374773753,0.0007634941533527424,-1.0,0.0,1.0,621.0
2025-07-09,BKLN,Senior Loan Portfolio,Income,20.969999313354492,20.979999542236328,20.959999084472656,20.969999313354492,5731922.0,624.0599975585938,21.0,1.0,1.0,1.0,1.0,0.0004195111246090718,0.0003418317933941815,-1.0,0.0,1.0,643.0
2025-07-09,EMLC,Market Vectors Emerging Markets Local Currency Bond ETF,Income,25.190000534057617,25.209999084472656,25.170000076293945,25.209999084472656,1695393.0,624.0599975585938,34.0,1.0,1.0,1.0,1.0,0.000905545297614969,0.0008947607740752189,-1.0,0.0,1.0,627.0
2025-07-09,IEF,iShares 7-10 Year Treasury Bond ETF,Income,94.45999908447266,94.81999969482422,94.45500183105469,94.80999755859375,6893107.0,624.0599975585938,31.0,1.0,1.0,1.0,1.0,0.00047376510189473523,0.0004628339420424481,-1.0,0.0,1.0,545.0
2025-07-09,SDIV,SuperDividend ETF,Style,23.170000076293945,23.170000076293945,23.079999923706055,23.079999923706055,375233.0,624.0599975585938,79.0,1.0,1.0,4.0,5.0,0.0007380521267348677,0.00046641826432691167,1.0,0.0,1.0,31.0
2025-07-09,EZA,South Africa,Region,53.709999084472656,54.05500030517578,53.70000076293945,54.0,38989.0,624.0599975585938,121.0,1.0,1.0,1.0,1.0,0.00059850600493019,0.0005013360257915065,-1.0,0.0,1.0,56.0
2025-07-09,FXE,Euro Trust,Currency,108.0999984741211,108.19999694824219,108.00250244140625,108.16999816894531,171663.0,624.0599975585938,41.0,1.0,1.0,1.0,1.0,0.0008658385312999497,0.0008891961634617485,-1.0,0.0,1.0,623.0
2025-07-09,SPTI,SPDR Portfolio Intermediate Term Treasury ETF,Income,28.479999542236328,28.549999237060547,28.479999542236328,28.549999237060547,1039785.0,624.0599975585938,22.0,1.0,1.0,1.0,1.0,0.0005677774036041097,0.0005734964786609219,-1.0,0.0,1.0,576.0
2025-07-09,EWZ,Brazil,Region,28.549999237060547,28.59000015258789,28.149999618530273,28.15999984741211,34383105.0,624.0599975585938,118.0,1.0,1.0,1.0,1.0,0.0005231427431966454,0.0005171216632011134,-1.0,0.0,1.0,51.0
2025-07-09,VNM,Market Vectors Vietnam ETF,Region,14.829999923706055,14.9350004196167,14.800000190734863,14.890000343322754,2125060.0,624.0599975585938,149.0,1.0,1.0,1.0,1.0,0.0005393847951092782,0.00034104918712446215,1.0,0.0,1.0,45.0
2025-07-09,FXA,Australian Dollar,Currency,64.79000091552734,64.80000305175781,64.65499877929688,64.80000305175781,30196.0,624.0599975585938,53.0,1.0,4.0,1.0,2.0,0.00029417185890185624,0.00030732395816818165,-1.0,0.0,2.0,55.0
2025-07-09,XPH,SPDR S&P Pharmaceuticals ETF,Industry,41.599998474121094,42.369998931884766,41.630001068115234,42.369998931884766,50795.0,624.0599975585938,116.0,4.0,1.0,1.0,7.0,6.0763246876704905e-05,-2.44398480605257e-05,1.0,0.0,1.0,1.0
2025-07-09,XTL,SPDR S&P Telecom ETF,Industry,118.79000091552734,118.7499008178711,117.69999694824219,118.19999694824219,12597.0,624.0599975585938,125.0,1.0,1.0,1.0,1.0,0.0004844697995555807,0.0003132186942347166,1.0,0.0,1.0,21.0
2025-07-09,EWS,Singapore,Region,26.149999618530273,26.350000381469727,26.112499237060547,26.34000015258789,579696.0,624.0599975585938,95.0,1.0,1.0,1.0,1.0,0.0005593270876561898,0.0004427077211562915,1.0,0.0,1.0,52.0
2025-07-09,ENZL,iShares MSCI New Zealand Capped ETF,Region,45.75,46.079898834228516,45.75,46.06999969482422,1248.0,624.0599975585938,94.0,4.0,1.0,1.0,7.0,0.0001597512035179839,6.540236334145028e-05,-1.0,0.0,2.0,68.0
2025-07-09,MOO,Market Vectors-Agribusiness ETF,Industry,75.04000091552734,75.11370086669922,74.5115966796875,75.08999633789062,15764.0,624.0599975585938,83.0,1.0,1.0,1.0,1.0,0.0004464480426475329,0.0003943388415410056,-1.0,0.0,1.0,42.0
2025-07-09,SEA,US Sea to Sky Global Cargo ETF,Industry,14.390000343322754,14.350000381469727,14.252599716186523,14.289999961853027,7461.0,624.0599975585938,103.0,1.0,4.0,1.0,2.0,0.0003139592630846685,0.00016681010662268395,-1.0,0.0,2.0,44.0
2025-07-09,SHY,1-3 Year Treasury Bond ETF,Income,82.41999816894531,82.47000122070312,82.41999816894531,82.47000122070312,2001156.0,624.0599975585938,8.0,1.0,1.0,1.0,1.0,0.0008176211381580237,0.0008843717331448786,-1.0,0.0,1.0,603.0
2025-07-09,EUO,ProShares UltraShort Euro,Inverse,27.850000381469727,27.899499893188477,27.780000686645508,27.780000686645508,32988.0,624.0599975585938,84.0,4.0,4.0,1.0,8.0,-0.0006949685048798236,-0.0007216030530250176,-1.0,0.0,2.0,87.0
2025-07-09,FXC,Canadian Dollar,Currency,71.41999816894531,71.42990112304688,71.31999969482422,71.41000366210938,45877.0,624.0599975585938,32.0,1.0,4.0,1.0,2.0,0.0004054313983347647,0.0005089923723016872,-1.0,0.0,2.0,99.0
2025-07-09,SPTS,SPDR 1-3 Yr Treasury,Income,29.139999389648438,29.15999984741211,29.134899139404297,29.15999984741211,511674.0,624.0599975585938,8.0,1.0,1.0,1.0,1.0,0.0008467069920965278,0.0009251581510846344,-1.0,0.0,1.0,583.0
2025-07-09,GXC,SPDR S&P China ETF,Region,87.61000061035156,87.32499694824219,86.94999694824219,87.29000091552734,16306.0,624.0599975585938,116.0,1.0,1.0,1.0,1.0,0.0004769633346538046,0.00034816967024772625,-1.0,1.0,1.0,46.0
2025-07-09,YXI,Short FTSE/Xinhua China,Inverse,10.979999542236328,11.100000381469727,10.770000457763672,10.881099700927734,3169.0,624.0599975585938,127.0,4.0,4.0,1.0,8.0,-0.0003795716965068298,-0.0003760401324493408,-1.0,0.0,4.0,46.0
2025-07-09,PALL,Physical Palladium Shares,Commodity,100.23999786376953,101.41000366210938,99.55000305175781,101.25,254333.0,624.0599975585938,160.0,1.0,1.0,4.0,5.0,0.0003264754239533846,0.00047866470257191423,-1.0,0.0,2.0,34.0
2025-07-09,LIT,Lithium ETF,Commodity,39.52000045776367,39.619998931884766,39.17499923706055,39.40999984741211,183165.0,624.0599975585938,142.0,4.0,1.0,1.0,7.0,6.55714497390734e-05,-7.437096409630623e-05,1.0,0.0,1.0,11.0
2025-07-09,EIDO,MSCI Indonesia ETF,Region,17.3799991607666,17.520000457763672,17.3799991607666,17.469999313354492,307807.0,624.0599975585938,121.0,4.0,4.0,1.0,8.0,-6.032891563007359e-05,-6.173419166585309e-05,-1.0,0.0,4.0,21.0
2025-07-09,FXF,Swiss Franc,Currency,111.45999908447266,111.65499877929688,111.3949966430664,111.56999969482422,46567.0,624.0599975585938,52.0,1.0,1.0,1.0,1.0,0.000671700628306264,0.0006849820188847264,-1.0,0.0,1.0,643.0
2025-07-09,TAN,Solar ETF,Commodity,38.0099983215332,38.68000030517578,37.814998626708984,38.58000183105469,1145795.0,624.0599975585938,220.0,1.0,1.0,4.0,5.0,0.00033708570064476805,-1.844018425283636e-05,1.0,0.0,1.0,5.0
2025-07-09,UUP,DB USD Index Bullish,Currency,27.100000381469727,27.1299991607666,27.079999923706055,27.09000015258789,700862.0,624.0599975585938,39.0,4.0,4.0,1.0,8.0,-0.0005396841675755984,-0.0005999440232493967,-1.0,0.0,2.0,804.0
2025-07-09,FXY,Japanese Yen,Currency,62.86000061035156,62.96989822387695,62.84450149536133,62.93000030517578,186730.0,624.0599975585938,56.0,1.0,4.0,1.0,2.0,0.00019484264468448494,0.00034429075303494877,-1.0,0.0,2.0,242.0
2025-07-09,THD,MSCI Thailand Capped ETF,Region,50.95000076293945,51.18000030517578,50.91999816894531,51.150001525878906,22686.0,624.0599975585938,133.0,4.0,4.0,1.0,8.0,-0.00018019952019589073,-0.00027754800099283366,-1.0,0.0,4.0,32.0
2025-07-09,TUR,MSCI Turkey ETF,Region,32.56999969482422,33.0,32.54679870605469,32.790000915527344,139376.0,624.0599975585938,149.0,4.0,1.0,1.0,7.0,-3.803055769591658e-05,-0.0001792489680686528,1.0,0.0,1.0,7.0
2025-07-09,TBX,Short 7-10 Year Treasury,Income,28.488100051879883,28.488100051879883,28.40180015563965,28.40999984741211,2640.0,624.0599975585938,63.0,1.0,4.0,1.0,2.0,-0.0001294702395679618,-8.836726174762831e-05,-1.0,1.0,2.0,804.0
2025-07-09,TBF,Short 20+ Year Treasury,Income,24.700000762939453,24.700000762939453,24.49799919128418,24.5,57537.0,624.0599975585938,65.0,1.0,4.0,1.0,2.0,-9.295876473127035e-05,-5.7466985501304635e-05,-1.0,1.0,2.0,82.0
2025-07-09,USDU,Bloomberg U.S. Dollar Bullish Fund,Currency,26.0,26.020000457763672,25.950000762939453,25.96500015258789,132020.0,624.0599975585938,35.0,4.0,4.0,1.0,8.0,-0.0004434778220589884,-0.0005145396052695291,-1.0,0.0,2.0,804.0
2025-07-09,IDX,Market Vectors Indonesia Index ETF,Region,14.529999732971191,14.569999694824219,14.539999961853027,14.569999694824219,5089.0,624.0599975585938,116.0,4.0,4.0,1.0,8.0,2.119047864583475e-05,-1.2441138135389464e-05,-1.0,0.0,4.0,13.0
2025-07-09,QCLN,NASDAQ Clean Edge Green Energy Index Fund,Industry,34.11000061035156,34.59000015258789,34.06990051269531,34.529998779296875,52680.0,624.0599975585938,180.0,1.0,1.0,3.0,3.0,0.00016939939262682112,-6.451459353189189e-05,1.0,0.0,1.0,20.0
2025-07-09,SCO,Â ProShares UltraShort Bloomberg Crude Oil,Inverse,16.850000381469727,16.920000076293945,16.524999618530273,16.709999084472656,1275086.0,624.0599975585938,295.0,4.0,4.0,4.0,12.0,-1.947704050654291e-05,1.6783529504786e-05,-1.0,0.0,4.0,40.0
2025-07-09,DGZ,Inverse Gold ETN,Inverse,6.860000133514404,6.860000133514404,6.836699962615967,6.836699962615967,448.0,624.0599975585938,163.0,4.0,1.0,4.0,11.0,-0.00016148262568114983,-0.00021302529705890115,-1.0,0.0,2.0,15.0
2025-07-09,REK,Short Real Estate,Inverse,16.979999542236328,16.909000396728516,16.889999389648438,16.906400680541992,808.0,624.0599975585938,86.0,1.0,1.0,1.0,1.0,-0.00011523312069600897,-4.866037338084486e-05,-1.0,0.0,1.0,33.0
2025-07-09,RWM,Short Russell2000,Inverse,18.270000457763672,18.399900436401367,18.18000030517578,18.18000030517578,8017020.0,624.0599975585938,115.0,4.0,4.0,1.0,8.0,-0.0001307968242360107,1.3974622568273037e-05,-1.0,0.0,4.0,5.0
2025-07-09,EUM,Inverse Emerging Mkt Index,Inverse,22.978500366210938,23.069299697875977,22.959999084472656,23.030000686645508,16343.0,624.0599975585938,89.0,4.0,4.0,1.0,8.0,-0.000413370496925337,-0.00036536107044180167,-1.0,0.0,2.0,52.0
2025-07-09,PSQ,Inverse Nasdaq 100,Inverse,33.54999923706055,33.630001068115234,33.349998474121094,33.43000030517578,4247266.0,624.0599975585938,120.0,4.0,4.0,1.0,8.0,-0.00023523863139778825,-0.00014551080263742019,-1.0,0.0,4.0,52.0
2025-07-09,SJB,Short High Yield,Inverse,15.630000114440918,15.66759967803955,15.630000114440918,15.637999534606934,129298.0,624.0599975585938,30.0,4.0,4.0,1.0,8.0,-0.00021283596663949333,-0.00014775592648636103,-1.0,0.0,2.0,804.0
2025-07-09,EFZ,Short MSCI EAFE,Inverse,13.789999961853027,13.819999694824219,13.75,13.75,430.0,624.0599975585938,86.0,4.0,1.0,1.0,7.0,-0.0004322293466422536,-0.00043764798110299013,-1.0,1.0,2.0,6.0
2025-07-09,DOG,Short Dow30,Inverse,25.31999969482422,25.429899215698242,25.240100860595703,25.290000915527344,849598.0,624.0599975585938,90.0,4.0,4.0,1.0,8.0,-0.00018557642754787123,-0.00012066426268703325,-1.0,0.0,2.0,6.0
2025-07-09,MYY,Short MidCap400,Inverse,18.299999237060547,18.345199584960938,18.292600631713867,18.292600631713867,4479.0,624.0599975585938,108.0,4.0,4.0,1.0,8.0,-9.600210328396518e-05,-9.174781630417395e-07,-1.0,0.0,4.0,5.0
2025-07-09,SMN,ProShares UltraShort Basic Materials,Inverse,13.289999961853027,13.289999961853027,13.109999656677246,13.109999656677246,490.0,624.0599975585938,218.0,4.0,4.0,1.0,8.0,-0.00022090682224993076,-0.00017459396985066352,-1.0,0.0,4.0,46.0
2025-07-09,SH,Short S&P500,Inverse,39.43000030517578,39.55500030517578,39.314998626708984,39.349998474121094,4076854.0,624.0599975585938,98.0,4.0,4.0,1.0,8.0,-0.00021341736199332334,-0.0001270282770326249,-1.0,0.0,4.0,49.0
2025-07-09,SEF,Short Financials,Inverse,32.158199310302734,32.22990036010742,32.158199310302734,32.181400299072266,4230.0,624.0599975585938,98.0,4.0,4.0,1.0,8.0,-0.0002387222553669855,-0.0001668152175251528,-1.0,0.0,4.0,10.0
2025-07-09,RWO,Global Real Estate,Region,44.130001068115234,44.209999084472656,43.84400177001953,43.9900016784668,23106.0,624.0599975585938,79.0,1.0,4.0,1.0,2.0,0.0002709240049989671,0.00016663699520407327,-1.0,0.0,2.0,29.0
