,Symbol,Name,Category,Open,High,Low,Close,Volume,IndexClose,CVI,LTI,STI,VI,SecState,VWRS,VWRS_1wk,RS,GapDown,Thermostat,Days
2026-09-30,GLDM,SPDR Gold MiniShares,Precious Metal,,,,,5988710.0,,129.0,,4.0,3.0,,-0.0002729144788393559,-0.0001079189605929808,-1.0,0.0,,
2026-09-30,GLD,SPDR Gold Trust,Precious Metal,,,,,6924147.0,,129.0,,4.0,3.0,,-0.00027646418493403236,-0.00011114411074503324,-1.0,0.0,,
2026-09-30,XLF,Financial Select Sector SPDR,Sector,,,,,55624361.0,,66.0,,4.0,1.0,,6.027768619302756e-05,0.00026206596477125856,-1.0,0.0,,
2026-09-30,XLB,Materials Select Sector SPDR,Sector,,,,,11119566.0,,83.0,,4.0,1.0,,-0.00018153071370502342,-7.680442869020278e-05,-1.0,0.0,,
2026-09-30,XLC,Communication Services Sector ETF,Sector,,,,,10319578.0,,101.0,,1.0,4.0,,-1.3655149085256697e-05,0.00013045874186582798,-1.0,0.0,,
2026-09-30,XLE,Energy Select Sector SPDR,Sector,,,,,23418473.0,,106.0,,4.0,3.0,,0.0001465650290424813,0.00017886242351924402,-1.0,0.0,,
2026-09-30,XLI,Industrial Select Sector SPDR,Sector,,,,,7494164.0,,76.0,,4.0,1.0,,-0.0001776727168833895,-2.55548941778624e-05,-1.0,0.0,,
2026-09-30,XLK,Technology Select Sector SPDR,Sector,,,,,9014331.0,,129.0,,1.0,3.0,,0.0005976540573777818,0.0007233999138710288,-1.0,0.0,,
2026-09-30,XLP,Consumer Staples Select Sector SPDR,Sector,,,,,11376041.0,,70.0,,4.0,1.0,,-4.751921396762704e-05,-5.747577727637787e-06,-1.0,0.0,,
2026-09-30,XLRE,SPDR S&P Real Estate ETF,Sector,,,,,7800674.0,,65.0,,4.0,1.0,,-0.00021561900266657183,6.308397121271045e-05,-1.0,0.0,,
2026-09-30,XLU,Utilities Select Sector SPDR,Sector,,,,,55309814.0,,76.0,,4.0,1.0,,-0.0006468694560436087,-0.0004768218118787728,-1.0,0.0,,
2026-09-30,XLV,Health Care Select Sector SPDR,Sector,,,,,11884134.0,,81.0,,1.0,3.0,,0.0004537484031081723,0.0004091574043976341,-1.0,0.0,,
2026-09-30,XLY,Consumer Discretionary Select Sector SPDR,Sector,,,,,5618790.0,,92.0,,4.0,1.0,,-0.0001349430085239272,-3.940458887584636e-05,-1.0,0.0,,
2026-09-30,FPE,First Trust Preferred Securities and Income ETF,Income,,,,,1742235.0,,25.0,,4.0,1.0,,-0.00042153360378892915,-2.3634186887075247e-05,-1.0,0.0,,
2026-09-30,SPYV,SPDR Large Cap Value,Style,,,,,1401620.0,,43.0,,4.0,1.0,,0.00025292087189719627,0.00048130390755057943,-1.0,0.0,,
2026-09-30,EWI,Italy Index,Region,,,,,166029.0,,79.0,,4.0,3.0,,0.00010762326725121365,0.0002989522352332678,-1.0,0.0,,
2026-09-30,EPU,iShares MSCI All Peru Capped ETF,Region,,,,,21676.0,,129.0,,4.0,1.0,,0.00014579911539925415,0.00027071666331907393,-1.0,0.0,,
2026-09-30,DGT,SPDR Global Dow ETF,Style,,,,,6153.0,,53.0,,4.0,1.0,,0.00022158270297707445,0.00044336456705934823,-1.0,0.0,,
2026-09-30,FEZ,SPDR Euro STOXX 50 ETF,Region,,,,,1323619.0,,72.0,,4.0,1.0,,9.365789658647916e-05,0.00023947353119803567,-1.0,0.0,,
2026-09-30,VRP,Variable Rate Pref,Income,,,,,699065.0,,15.0,,4.0,1.0,,-0.00014205052948070113,0.00034492452122401076,-1.0,0.0,,
2026-09-30,XHB,SPDR Homebuilders ETF,Industry,,,,,1440707.0,,129.0,,4.0,3.0,,-0.00015606865355931757,-0.00011609411237781759,-1.0,0.0,,
2026-09-30,PBJ,Dynamic Food & Beverage,Industry,,,,,4200.0,,61.0,,4.0,1.0,,-0.0004740135678743784,-0.00027595880154153175,-1.0,0.0,,
2026-09-30,^GSPC,S&P 500 Index,Style,7688.990234375,7722.8798828125,7651.5400390625,7651.5400390625,3151899000.0,,56.0,1.0,4.0,1.0,2.0,0.00043791672795235134,0.0006377558322363299,-1.0,0.0,2.0,121.0
2026-09-30,SPY,SPDR S&P 500 ETF,Style,,,,,61123546.0,,57.0,,4.0,1.0,,0.0004769297843109461,0.0006610945586994979,-1.0,0.0,,
2026-09-30,ITA,US Aerospace & Defense,Industry,,,,,734473.0,,103.0,,4.0,3.0,,-0.00043693985178267945,-0.0002661998425939251,-1.0,0.0,,
2026-09-30,EQL,Equal Sector Weight ETF,Style,,,,,60958.0,,42.0,,4.0,1.0,,2.595282158356233e-05,0.00030720156765985543,-1.0,0.0,,
2026-09-30,IWB,Russell 1000 Index FUnd,Style,,,,,739559.0,,58.0,,1.0,1.0,,0.00043533405146154586,0.0006226000684061664,-1.0,0.0,,
2026-09-30,IOO,iShares Global 100 ETF,Style,,,,,214278.0,,65.0,,1.0,1.0,,0.0004966242414720256,0.0006483486483718848,-1.0,0.0,,
2026-09-30,KIE,SPDR S&P Insurance ETF,Industry,,,,,1023088.0,,82.0,,4.0,1.0,,9.704544303877642e-06,0.00015982719717469215,-1.0,0.0,,
2026-09-30,MDYG,SPDR S&P 400 Mid Cap Growth ETF,Style,,,,,84175.0,,73.0,,4.0,1.0,,-3.311257572472072e-05,0.00016935070639898008,-1.0,0.0,,
2026-09-30,EZU,EMU Index,Region,,,,,2401963.0,,72.0,,4.0,1.0,,6.860725717845128e-05,0.0002301067879297749,-1.0,0.0,,
2026-09-30,IAI,iShares U.S. Broker-Dealers ETF,Industry,,,,,50393.0,,101.0,,4.0,3.0,,-1.5567343750158277e-05,0.00022911308125621595,-1.0,0.0,,
2026-09-30,DBA,Invesco DB Agriculture Fund,Industry,,,,,901302.0,,65.0,,4.0,1.0,,0.00018434912519239816,0.0002593639376163926,-1.0,0.0,,
2026-09-30,ENFR,Alerian Energy Infrastructure ETF,Industry,,,,,97633.0,,79.0,,4.0,1.0,,-0.00016054102736129725,5.038081138076451e-05,-1.0,0.0,,
2026-09-30,SPGM,SPDR Portfolio MSCI Global Stock Market ETF,Style,,,,,445972.0,,62.0,,4.0,1.0,,0.00032848467912378464,0.0005401175371041296,-1.0,0.0,,
2026-09-30,RSP,Equal Weight S&P 500,Style,,,,,7343161.0,,50.0,,4.0,1.0,,0.00011661030898951282,0.00033123150366604266,-1.0,0.0,,
2026-09-30,ITB,US Home Construction,Industry,,,,,1705870.0,,141.0,,4.0,3.0,,-0.000130533093688204,-0.00010453278391265046,-1.0,0.0,,
2026-09-30,EWN,Netherlands Index,Region,,,,,84158.0,,100.0,,1.0,1.0,,0.0002012748408665739,0.0003388677597123686,-1.0,0.0,,
2026-09-30,OUSA,O'Shares FTSE US Quality Dividend,Style,,,,,47432.0,,53.0,,4.0,1.0,,0.00017457069325853725,0.00025882023109060053,-1.0,0.0,,
2026-09-30,DIA,Dow Jones Industrial Average ETF,Style,,,,,2574791.0,,58.0,,4.0,1.0,,0.00019282572123347118,0.00031456747333245984,-1.0,0.0,,
2026-09-30,EWP,Spain Index,Region,,,,,303098.0,,83.0,,4.0,1.0,,0.00012849256013329388,0.00030112338385938263,-1.0,0.0,,
2026-09-30,SPEU,SPDR Portfolio Europe ETF,Region,,,,,39412.0,,63.0,,4.0,1.0,,3.240715995503812e-05,0.00020552457368845214,-1.0,0.0,,
2026-09-30,EFA,iShares MSCI EAFE ETF,Style,,,,,36344294.0,,68.0,,4.0,1.0,,8.020594828068738e-05,0.0002582566999587164,-1.0,0.0,,
2026-09-30,SPDW,EAFE-State Street,Style,,,,,3229752.0,,80.0,,4.0,1.0,,0.0001374324635314967,0.00034307763163420355,-1.0,0.0,,
2026-09-30,SPMD,SPDR Midcap,Style,,,,,2048069.0,,60.0,,4.0,1.0,,-7.729289315308841e-05,0.00014813420212574153,-1.0,0.0,,
2026-09-30,MDY,SPDR MidCap Trust Series I,Style,,,,,456844.0,,59.0,,4.0,1.0,,-8.284943361307461e-05,0.0001434536204557512,-1.0,0.0,,
2026-09-30,IWF,Russell 1000 Growth,Style,,,,,3820737.0,,86.0,,1.0,1.0,,0.00033812782264954475,0.00046494053314527386,-1.0,0.0,,
2026-09-30,IGM,iShares North American Tech ETF,Industry,,,,,423349.0,,118.0,,1.0,3.0,,0.0005786174770425101,0.0007284753028681514,-1.0,0.0,,
2026-09-29,CUT,Timber ETF,Commodity,28.149999618530273,28.270000457763672,28.06999969482422,28.270000457763672,3900.0,764.2000122070312,87.0,1.0,4.0,1.0,2.0,-0.0001063291663341201,1.8857681684253657e-06,-1.0,1.0,2.0,53.0
2026-09-30,SDY,SPDR S&P Dividend,Style,,,,,284660.0,,50.0,,4.0,1.0,,-0.00013736411380861266,-1.1236366542874016e-05,-1.0,0.0,,
2026-09-30,CWI,SPDR MSCI ACWI ex-US ETF,Region,,,,,430021.0,,79.0,,4.0,1.0,,0.00016736736205980388,0.0003559939801852788,-1.0,0.0,,
2026-09-30,SPYG,SPDR Large Cap Growth,Style,,,,,2021298.0,,83.0,,1.0,1.0,,0.0005038949939439779,0.0006465596771402807,-1.0,0.0,,
2026-09-30,VEA,Europe Pacific,Region,,,,,10689246.0,,81.0,,4.0,1.0,,0.0001225433551598615,0.0003230220787727285,-1.0,0.0,,
2026-09-30,TDIV,NASDAQ Technology Dividend Index Fund,Style,,,,,153189.0,,93.0,,4.0,1.0,,0.0003189975319386995,0.0004712043774791441,-1.0,0.0,,
2026-09-30,EWQ,France Index,Region,,,,,355427.0,,71.0,,4.0,1.0,,-0.0002355991088738907,-7.125503624457872e-05,-1.0,0.0,,
2026-09-30,PCY,Emerging Mkts Debt,Income,,,,,246974.0,,41.0,,4.0,1.0,,-0.00030749462821601725,6.787714926125253e-05,-1.0,0.0,,
2026-09-30,CGW,S&P Global Water Index ETF,Commodity,,,,,22432.0,,61.0,,4.0,1.0,,-0.000279031768853769,-0.00015173486157698946,-1.0,0.0,,
2026-09-30,EPOL,iShares MSCI Poland Capped ETF,Region,,,,,288069.0,,101.0,,4.0,1.0,,0.0003526235705224745,0.0005376480569963664,-1.0,0.0,,
2026-09-30,ARGT,FTSE Argentina 20 ETF,Region,,,,,108505.0,,113.0,,4.0,1.0,,-0.0002253909261074323,-2.6179935150064896e-06,-1.0,0.0,,
2026-09-30,COPX,Copper Miners ETF,Commodity,,,,,2470497.0,,213.0,,4.0,3.0,,6.571200379052207e-05,0.00018480297507308843,-1.0,0.0,,
2026-09-30,FDN,DJ Internet Index Fund,Industry,,,,,142969.0,,103.0,,4.0,3.0,,0.00031004660208805505,0.0004956356486686503,-1.0,0.0,,
2026-09-30,XRT,SPDR S&P Retail ETF,Industry,,,,,1640224.0,,98.0,,4.0,3.0,,-9.524903547669105e-05,-6.26642417797731e-05,-1.0,0.0,,
2026-09-30,QQQ,Invesco QQQ Trust,Style,,,,,29369516.0,,96.0,,1.0,1.0,,0.0004915178846545563,0.000632047751378589,-1.0,0.0,,
2026-09-30,EWW,Mexico,Region,,,,,1331064.0,,89.0,,4.0,1.0,,-0.00020567137986968762,-7.392492986578411e-05,-1.0,0.0,,
2026-07-21,EMTL,SPDR Emerging Market Fixed Income,Income,42.54999923706055,42.589900970458984,42.54999923706055,42.564998626708984,1785.0,746.426513671875,,,,,,,,-1.0,0.0,,
2026-09-30,DVY,Select Dividend,Style,,,,,305062.0,,52.0,,4.0,1.0,,-0.0001354671691245653,9.112974614501693e-05,-1.0,0.0,,
2026-09-30,XAR,SPDR S&P Aerospace & Defense ETF,Industry,,,,,342661.0,,127.0,,4.0,3.0,,-0.00048018626109749325,-0.000282507152147771,-1.0,0.0,,
2026-09-30,PGX,Preferred Portfolio,Income,,,,,6218796.0,,29.0,,4.0,1.0,,-0.0006568507382276963,-0.000311701699602317,-1.0,0.0,,
2026-09-30,SCZ,MSCI EAFE Small-Cap ETF,Style,,,,,1988970.0,,67.0,,4.0,1.0,,7.787344281697797e-05,0.0003227524244758166,-1.0,0.0,,
2026-09-30,QQEW,NASDAQ-100 Equal Weighted Index Fund,Style,,,,,35880.0,,92.0,,1.0,3.0,,0.00047239618482440826,0.0005988123704603654,-1.0,0.0,,
2026-09-30,SIL,Silver Miners ETF,Industry,,,,,781185.0,,253.0,,4.0,3.0,,-7.66985203240758e-05,0.00013627011351519154,-1.0,0.0,,
2026-09-30,QTEC,NASDAQ-100-Technology Sector Index Fund,Style,,,,,96867.0,,142.0,,1.0,3.0,,0.0005796734716240409,0.0007063905814123886,-1.0,0.0,,
2026-09-30,FDD,STOXX European Select Dividend Index Fund,Region,,,,,235250.0,,71.0,,4.0,1.0,,0.0001460101308027925,0.00046463054216456455,-1.0,0.0,,
2026-09-30,EWO,Austria Index,Region,,,,,111317.0,,90.0,,4.0,1.0,,0.00045643724728298583,0.0005513768020089538,-1.0,0.0,,
2026-09-30,MDYV,SPDR S&P 400 Mid Cap Value ETF,Style,,,,,122323.0,,55.0,,4.0,1.0,,-0.00013416740666791677,0.0001014027431225786,-1.0,0.0,,
2026-09-30,XOP,SPDR S&P Oil & Gas Explor & Product,Industry,,,,,2064598.0,,137.0,,4.0,3.0,,5.951413958669281e-05,0.0001335101948107254,-1.0,0.0,,
2026-09-30,FCG,ISE-Revere Natural Gas Index Fund,Commodity,,,,,996039.0,,143.0,,4.0,4.0,,-0.00012838665452292043,-4.8828169106173584e-05,-1.0,0.0,,
2026-09-30,EIS,iShares MSCI Israel Capped ETF,Region,,,,,30808.0,,111.0,,1.0,3.0,,5.299535019107696e-06,0.00027475036625728284,-1.0,0.0,,
2026-09-30,EDIV,SPDR S&P Emerging Markets Dividend ETF TIR,Style,,,,,111769.0,,53.0,,4.0,1.0,,9.67938242215504e-05,0.00028135073968724107,-1.0,0.0,,
2026-09-30,GDX,Market Vectors TR Gold Miners,Industry,,,,,16865868.0,,243.0,,4.0,3.0,,-7.535960716649012e-05,0.0001217967772724998,-1.0,0.0,,
2026-09-30,EWD,Sweden Index,Region,,,,,162478.0,,85.0,,4.0,1.0,,-1.1892272851687113e-05,0.00015022636597488041,-1.0,0.0,,
2026-09-30,SLV,Silver Trust,Commodity,,,,,16999896.0,,219.0,,4.0,1.0,,-0.0002093465689369475,-7.43935568975534e-06,-1.0,0.0,,
2026-09-30,IHI,iShares U.S. Medical Devices ETF,Industry,,,,,3091741.0,,105.0,,4.0,3.0,,-0.00016843007476150874,-0.00011742606822634498,-1.0,0.0,,
2026-09-30,SPFF,Super Preferred Dividend,Income,,,,,28664.0,,58.0,,4.0,1.0,,7.475399121847744e-05,0.00022117204270868585,-1.0,0.0,,
2026-09-30,XME,SPDR S&P Metals & Mining ETF,Industry,,,,,1187638.0,,179.0,,4.0,3.0,,-0.000175736970044247,-5.114218749649691e-06,-1.0,0.0,,
2026-09-30,JXI,iShares Global Utilities ETF,Industry,,,,,21345.0,,64.0,,4.0,1.0,,-0.0005998044170973143,-0.0004000938632988107,-1.0,0.0,,
2026-09-30,SKYY,ISE Cloud Computing Index Fund,Industry,,,,,118159.0,,145.0,,1.0,3.0,,0.0005501427134836044,0.0006851633510127175,-1.0,0.0,,
2026-09-30,KBE,SPDR S&P Bank ETF,Industry,,,,,2127252.0,,79.0,,4.0,1.0,,-9.284704537399193e-05,0.00013458575346676497,-1.0,0.0,,
2026-09-30,QQXT,NASDAQ-100 Ex-Technology Sector Index,Style,,,,,8303.0,,57.0,,4.0,1.0,,-0.0002696803545505143,-0.00014625916274399163,-1.0,0.0,,
2026-09-30,CWB,SPDR Convertible,Income,,,,,542567.0,,84.0,,4.0,1.0,,6.160289893150796e-05,0.0003154989551130598,-1.0,0.0,,
2026-09-30,EWA,Australia Index,Region,,,,,3190410.0,,86.0,,4.0,3.0,,-0.00010167836258431827,4.2548254960405375e-05,-1.0,0.0,,
2026-09-30,SLYG,SPDR S&P 600 Small Cap Growth ETF,Style,,,,,135041.0,,66.0,,4.0,1.0,,-1.6054564770440876e-05,0.00022826791242486146,-1.0,0.0,,
2026-09-30,IDV,iShares International Select Dividend ETF,Style,,,,,627357.0,,55.0,,4.0,1.0,,1.4094701524341416e-07,0.00024840366754175615,-1.0,0.0,,
2026-09-30,DIV,SuperDividend U.S. ETF,Style,,,,,184956.0,,44.0,,4.0,1.0,,-4.776988483290056e-05,0.0002046035122324892,-1.0,0.0,,
2026-09-30,WDIV,SPDR S&P Global Dividend ETF,Style,,,,,2389.0,,43.0,,4.0,1.0,,0.0002286192199866067,0.000509376378287122,-1.0,0.0,,
2026-09-30,SPEM,State Street Emerging Markets,Style,,,,,1732238.0,,78.0,,4.0,1.0,,0.00022331864923909233,0.00041252775217103703,-1.0,0.0,,
2026-09-30,IWM,Russell 2000 Index,Style,,,,,20920033.0,,71.0,,4.0,1.0,,5.567441464006497e-05,0.0003219864043850418,-1.0,0.0,,
2026-09-30,IBND,SPDR Intl Corp Bond,Income,,,,,354474.0,,34.0,,4.0,1.0,,-0.00044822156791644234,-0.00020260502925872935,-1.0,0.0,,
2026-09-30,EWM,Malaysia,Region,,,,,165252.0,,69.0,,4.0,1.0,,-9.312146982870299e-05,-1.012672260939196e-05,-1.0,0.0,,
2026-09-30,NLR,Market Vectors Uranium+Nuclear Energy ETF,Commodity,,,,,392358.0,,201.0,,4.0,3.0,,-0.0003574467412987704,-0.00021402736949311505,-1.0,0.0,,
2026-09-30,PICB,International Corporate Bond Portfolio,Income,,,,,10125.0,,36.0,,4.0,1.0,,-0.00036814966594649946,-0.00014423374443899947,-1.0,0.0,,
2026-09-30,EEM,iShares MSCI Emerging Markets ETF,Style,,,,,21394243.0,,124.0,,4.0,1.0,,0.00023953746624342623,0.0004152536648839582,-1.0,0.0,,
2026-09-30,SLX,Market Vectors Steel Index ETF Fund,Commodity,,,,,15814.0,,106.0,,4.0,1.0,,8.752120659818103e-05,0.00025607623443388294,-1.0,0.0,,
2026-09-30,EPHE,iShares MSCI Philippines ETF,Region,,,,,55732.0,,89.0,,4.0,1.0,,-0.00036453431134432507,-0.00029383165590070315,-1.0,0.0,,
2026-09-30,EWY,South Korea,Region,,,,,16359631.0,,293.0,,4.0,3.0,,0.00026430472978649895,0.000465794806106627,-1.0,0.0,,
2026-09-30,PID,Intl Dividend Ach,Style,,,,,53030.0,,52.0,,4.0,1.0,,-0.000361793315268065,-0.00013584425021837096,-1.0,0.0,,
2026-09-30,EWK,Belgium Index,Region,,,,,54621.0,,69.0,,4.0,1.0,,0.00010636926418796957,0.00033389070369044634,-1.0,0.0,,
2026-09-30,JNK,SPDR High Yield Bond,Income,,,,,10461056.0,,20.0,,4.0,1.0,,-0.00030135460085814806,0.0001864114758420057,-1.0,0.0,,
2026-09-30,SBIO,Biotech/Pharma,Industry,,,,,21978.0,,157.0,,4.0,3.0,,-4.1825889562213984e-05,0.00017948090163350354,-1.0,0.0,,
2026-09-30,INDY,S&P India Nifty Fifty Index Fund,Region,,,,,110125.0,,66.0,,4.0,1.0,,-0.000307809582442287,-7.30534368409595e-05,-1.0,0.0,,
2026-09-30,GMF,SPDR S&P Emerging Asia Pacific ETF,Region,,,,,90482.0,,84.0,,1.0,1.0,,0.00029393993517857754,0.0004467132584212654,-1.0,0.0,,
2026-09-30,FSZ,Switzerland,Region,,,,,42.0,,67.0,,4.0,1.0,,-0.00014890170398774,-5.739575406523567e-05,-1.0,0.0,,
2026-09-30,XBI,SPDR S&P Biotech ETF,Industry,,,,,6867286.0,,145.0,,4.0,3.0,,0.0002795439327526586,0.0003524142275445484,-1.0,0.0,,
2026-09-30,LQD,iShares iBoxx $ Investment Grade Corporate Bond ETF,Income,,,,,45999186.0,,33.0,,4.0,1.0,,-0.0004408070553957975,-0.00015974686179879126,-1.0,0.0,,
2026-09-30,TIP,iShares TIPS,Income,,,,,2391563.0,,22.0,,4.0,1.0,,-0.0005110492526741721,-0.00027690504999914846,-1.0,0.0,,
2026-09-30,FTGC,Global Tactical Commodity,Commodity,,,,,521105.0,,64.0,,4.0,1.0,,0.00037587964864671736,0.0005318219030231087,-1.0,0.0,,
2026-09-30,ILF,iShares Latin America 40 ETF,Region,,,,,2383201.0,,98.0,,1.0,1.0,,-5.023266058151324e-05,0.00012506158022732716,-1.0,0.0,,
2026-09-30,XSD,SPDR S&P Semiconductor ETF,Industry,,,,,62627.0,,242.0,,1.0,3.0,,0.00041181926812296573,0.000539717389537179,-1.0,0.0,,
2026-09-30,RWX,SPDR DJ Wilshire Intl Real Estate TIR,Industry,,,,,21345.0,,57.0,,4.0,1.0,,-0.0003930874881944112,-0.00017450817724649166,-1.0,0.0,,
2026-09-30,DWX,International Dividend TIR,Style,,,,,15113.0,,50.0,,4.0,1.0,,-2.6773346594938428e-05,0.00016807004805724022,-1.0,0.0,,
2026-09-30,XHS,SPDR S&P Health Care Services ETF,Industry,,,,,63902.0,,80.0,,4.0,1.0,,0.0006542813721964549,0.0007973119900537645,-1.0,0.0,,
2026-09-30,GSG,GSCI Commodity-Indexed Trust Fund,Commodity,,,,,791239.0,,120.0,,4.0,1.0,,0.0003439443523323073,0.0004247976128552827,-1.0,0.0,,
2026-09-30,XSW,SPDR S&P Software & Services ETF,Industry,,,,,37498.0,,152.0,,4.0,3.0,,0.0003610158488198511,0.0005002618557407437,-1.0,0.0,,
2026-09-30,VEGI,MSCI Global Agriculture Producers ETF,Industry,,,,,93385.0,,86.0,,4.0,4.0,,7.228482131471284e-05,0.00024187975872266864,-1.0,0.0,,
2026-09-30,FAN,ISE Global Wind Energy Index Fund,Industry,,,,,59476.0,,98.0,,4.0,1.0,,-0.00032101049460186396,-9.200945774634558e-05,-1.0,0.0,,
2026-09-30,EWT,Taiwan,Region,,,,,3075325.0,,162.0,,1.0,3.0,,0.000652828505222253,0.0007652264540615865,-1.0,0.0,,
2026-09-30,URA,Uranium ETF,Commodity,,,,,2266705.0,,225.0,,4.0,3.0,,-0.00027622443772019184,-0.00010228715816332997,-1.0,0.0,,
2026-09-30,GYLD,Dow Jones Global Yield ETF,Style,,,,,10650.0,,62.0,,4.0,1.0,,7.147239474665679e-05,0.0002275055341708366,-1.0,0.0,,
2026-09-30,EWL,Swiss Index,Region,,,,,528841.0,,73.0,,4.0,1.0,,-5.062998511351939e-05,9.119032408505621e-06,-1.0,0.0,,
2026-09-30,VNQ,REIT ETF,Industry,,,,,4641812.0,,62.0,,4.0,1.0,,-0.00018604348509456865,8.074328827688305e-05,-1.0,0.0,,
2026-09-30,IGOV,S&P/Citigroup International Treasury Fund,Income,,,,,414628.0,,38.0,,4.0,1.0,,-0.0003648054922241822,-0.00017462848838053257,-1.0,0.0,,
2026-09-30,EWX,State Street Emerging Mtk Small Caps,Style,,,,,24933.0,,87.0,,4.0,1.0,,0.00010485015464973554,0.00029600867896357287,-1.0,0.0,,
2026-09-30,SLYV,SPDR S&P 600 Small Cap Value ETF,Style,,,,,205695.0,,59.0,,4.0,1.0,,1.4025567952420705e-05,0.00024512162328404964,-1.0,0.0,,
2026-09-30,SJNK,SPDR Short Term HY,Income,,,,,6602656.0,,15.0,,4.0,1.0,,-0.0002202674022341767,0.0002494479169324691,-1.0,0.0,,
2026-09-30,KRE,SPDR S&P Regional Banking ETF,Industry,,,,,22214996.0,,83.0,,4.0,1.0,,-7.996228525166172e-05,0.00012580766703547145,-1.0,0.0,,
2026-09-30,SPAB,State Street Total Bond Market,INcome,,,,,3476699.0,,24.0,,4.0,1.0,,-0.0004682727748093896,-0.00022814780584572202,-1.0,0.0,,
2026-09-30,IBB,Nasdaq Biotechnology,Industry,,,,,1929499.0,,119.0,,4.0,4.0,,0.000474657045408641,0.0004424592704806007,-1.0,0.0,,
2026-09-30,ECH,iShares MSCI Chile Capped ETF,Region,,,,,457321.0,,103.0,,4.0,1.0,,-0.00019714746127973636,1.0047912381039447e-05,-1.0,0.0,,
2026-09-30,SPMB,SPDR Portfolio Mortgage Backed Bond ETF,Income,,,,,2337636.0,,31.0,,4.0,1.0,,-0.0004839876526672808,-0.00027199155684568883,-1.0,0.0,,
2026-09-30,RWR,SPDR Wilshire REIT,Industry,,,,,336349.0,,61.0,,4.0,1.0,,-5.9310102887807506e-05,0.00012980075026711562,-1.0,0.0,,
2026-09-30,AGG,Core Total U.S. Bond Market ETF,Income,,,,,17303359.0,,24.0,,4.0,1.0,,-0.00045335297085361773,-0.00021513644815856096,-1.0,0.0,,
2026-09-30,MBB,iShares MBS ETF,Income,,,,,10671242.0,,31.0,,4.0,1.0,,-0.0004692022665211609,-0.00025657996167990097,-1.0,0.0,,
2026-09-30,BAB,Build America Bond,Income,,,,,293689.0,,31.0,,4.0,1.0,,-0.0004331321305583609,-0.0001937013634942103,-1.0,0.0,,
2026-09-30,TIPX,SPDR Barclays 1-10 Year TIPS ETF,Income,,,,,3442754.0,,17.0,,4.0,1.0,,-0.0004844686115250331,-0.0002861735585746972,-1.0,0.0,,
2026-09-30,XTN,SPDR S&P Transportation ETF,Industry,,,,,55330.0,,101.0,,4.0,1.0,,-0.00019181979003638394,3.1796922369113235e-05,-1.0,0.0,,
2026-09-30,XHE,SPDR S&P Health Care Equipment ETF,Industry,,,,,13172.0,,102.0,,4.0,3.0,,0.00023418822260024992,0.00028634185167250413,-1.0,0.0,,
2026-09-30,GNMA,Barclays GNMA Bond Fund,Income,,,,,40021.0,,32.0,,4.0,1.0,,-0.0004735476624863239,-0.0002552509791801321,-1.0,0.0,,
2026-09-30,BWX,SPDR Intl Treasury,Income,,,,,1314524.0,,39.0,,4.0,1.0,,-0.0002797600502554708,-0.00012148202742674947,-1.0,0.0,,
2026-09-30,SPTL,SPDR Portfolio Long Term Treasury ETF,Income,,,,,23474867.0,,50.0,,4.0,1.0,,-0.00042689903505820374,-0.0001894590735946881,-1.0,0.0,,
2026-09-30,EBND,SPDR Em Mkts Bnd,Income,,,,,579860.0,,36.0,,4.0,1.0,,-7.288213902568488e-05,0.00021459650881822603,-1.0,0.0,,
2026-09-30,TLT,20+ Year Treasury Bond ETF,Income,,,,,72638056.0,,53.0,,4.0,1.0,,-0.00043291083988461433,-0.000191452170200496,-1.0,0.0,,
2026-09-30,FTSL,Senior Loan Fund,Income,,,,,573236.0,,9.0,,4.0,1.0,,0.0005652257917574478,0.0009297530991826297,-1.0,0.0,,
2026-09-30,NORW,FTSE Norway 30 ETF,Region,,,,,13183.0,,71.0,,4.0,1.0,,-1.5845644959706046e-05,0.00023654963924191552,-1.0,0.0,,
2026-09-30,DTRE,FTSE EPRA/NAREIT Developed Markets Real Estate Index Fund,Region,39.72010040283203,39.74549865722656,39.72010040283203,39.74549865722656,372.0,,64.0,4.0,4.0,1.0,8.0,-0.00022790516894510737,0.00019973703269587884,-1.0,1.0,2.0,4.0
2026-09-30,FXB,British Pound,Currency,,,,,14137.0,,26.0,,4.0,1.0,,-0.0001306985587230622,4.315301067057931e-05,-1.0,0.0,,
2026-09-30,BKLN,Senior Loan Portfolio,Income,,,,,10547393.0,,10.0,,4.0,1.0,,0.0006627497859221165,0.001063923124908702,-1.0,0.0,,
2026-09-30,EMLC,Market Vectors Emerging Markets Local Currency Bond ETF,Income,,,,,2240819.0,,36.0,,4.0,1.0,,-0.0001529926838882464,0.00016567559311347964,-1.0,0.0,,
2026-09-30,IEF,iShares 7-10 Year Treasury Bond ETF,Income,,,,,14310974.0,,29.0,,4.0,1.0,,-0.0005379279116421873,-0.0003540583963240154,-1.0,0.0,,
2026-09-30,SDIV,SuperDividend ETF,Style,,,,,381253.0,,54.0,,4.0,1.0,,-0.0002721237277328936,-8.394226740272641e-06,-1.0,0.0,,
2026-09-30,EZA,South Africa,Region,,,,,91565.0,,146.0,,4.0,1.0,,-0.00014853550759820212,4.004189707684024e-05,-1.0,0.0,,
2026-09-30,FXE,Euro Trust,Currency,,,,,73812.0,,23.0,,4.0,1.0,,-0.00033685917253914005,-0.00011274933750419099,-1.0,0.0,,
2026-09-30,SPTI,SPDR Portfolio Intermediate Term Treasury ETF,Income,,,,,5693897.0,,20.0,,4.0,1.0,,-0.0005429592449126733,-0.0003801979936358635,-1.0,0.0,,
2026-09-30,EWZ,Brazil,Region,,,,,31080423.0,,111.0,,4.0,1.0,,2.6418016593246278e-05,0.0001893710741043121,-1.0,0.0,,
2026-09-30,VNM,Market Vectors Vietnam ETF,Region,,,,,400783.0,,104.0,,4.0,3.0,,-7.347121480399546e-05,2.8599232030460802e-05,-1.0,0.0,,
2026-09-30,FXA,Australian Dollar,Currency,,,,,14981.0,,34.0,,4.0,1.0,,-2.4836979981342173e-05,0.00026988572520468594,-1.0,0.0,,
2026-09-30,XPH,SPDR S&P Pharmaceuticals ETF,Industry,,,,,137456.0,,116.0,,4.0,3.0,,0.0002599230125866608,0.00038361023609206636,-1.0,0.0,,
2026-09-30,XTL,SPDR S&P Telecom ETF,Industry,,,,,26463.0,,123.0,,4.0,1.0,,-0.00011764234525765436,0.0001527941291054288,-1.0,0.0,,
2026-09-30,EWS,Singapore,Region,,,,,805841.0,,75.0,,4.0,1.0,,0.00045216279884287345,0.0004945562472131621,-1.0,0.0,,
2026-09-30,ENZL,iShares MSCI New Zealand Capped ETF,Region,,,,,6186.0,,83.0,,4.0,3.0,,-1.6012169565517154e-05,0.00014666255804956181,-1.0,0.0,,
2026-09-30,MOO,Market Vectors-Agribusiness ETF,Industry,,,,,557206.0,,72.0,,4.0,1.0,,-5.066749845604903e-05,0.00010693571175398419,-1.0,0.0,,
2026-09-30,SEA,US Sea to Sky Global Cargo ETF,Industry,,,,,23051.0,,91.0,,4.0,3.0,,0.00044710915082878865,0.000627948432912057,-1.0,0.0,,
2026-09-30,SHY,1-3 Year Treasury Bond ETF,Income,,,,,5028971.0,,8.0,,4.0,1.0,,-0.00019788196102187299,-7.505962027169021e-05,-1.0,0.0,,
2026-09-30,EUO,ProShares UltraShort Euro,Inverse,,,,,8273.0,,48.0,,1.0,1.0,,0.000475059079020316,0.0002962081880383119,-1.0,0.0,,
2026-09-30,FXC,Canadian Dollar,Currency,,,,,22329.0,,22.0,,4.0,1.0,,-0.0003830120168969149,-0.0001816415289907607,-1.0,0.0,,
2026-09-30,SPTS,SPDR 1-3 Yr Treasury,Income,,,,,1953926.0,,8.0,,4.0,1.0,,-0.000180068118554537,-6.576843242540605e-05,-1.0,0.0,,
2026-09-30,GXC,SPDR S&P China ETF,Region,,,,,12283.0,,75.0,,4.0,1.0,,-0.00028753227353799576,-0.00013537823406243408,-1.0,0.0,,
2026-09-29,YXI,Short FTSE/Xinhua China,Inverse,22.780000686645508,22.790000915527344,22.780000686645508,22.790000915527344,500.0,764.2000122070312,93.0,1.0,1.0,1.0,1.0,0.00019419778139193416,0.00017782539518293209,1.0,0.0,1.0,23.0
2026-09-30,PALL,Physical Palladium Shares,Commodity,,,,,518097.0,,212.0,,4.0,1.0,,-0.0002725322904528891,-0.00013802584809290545,-1.0,0.0,,
2026-09-30,LIT,Lithium ETF,Commodity,,,,,146712.0,,128.0,,4.0,1.0,,-0.00027108336134833914,-9.053015761117379e-05,-1.0,0.0,,
2026-09-30,EIDO,MSCI Indonesia ETF,Region,,,,,558090.0,,122.0,,4.0,1.0,,-0.00047188998493625665,-0.00037955311196342353,-1.0,0.0,,
2026-09-30,FXF,Swiss Franc,Currency,,,,,30688.0,,34.0,,4.0,1.0,,-0.0004379833736015406,-0.0002720257071242259,-1.0,0.0,,
2026-09-30,TAN,Solar ETF,Commodity,,,,,493200.0,,182.0,,4.0,3.0,,-0.0003919042245380983,-0.0002950571043998103,-1.0,0.0,,
2026-09-30,UUP,DB USD Index Bullish,Currency,,,,,1230958.0,,25.0,,1.0,1.0,,0.00048004910066734357,0.0003178690856304666,-1.0,0.0,,
2026-09-30,FXY,Japanese Yen,Currency,,,,,48927.0,,48.0,,4.0,1.0,,8.77230153129036e-05,4.77934270123487e-05,-1.0,0.0,,
2026-09-30,THD,MSCI Thailand Capped ETF,Region,,,,,56995.0,,93.0,,4.0,1.0,,0.00010924582284828569,0.0002230377397991277,-1.0,0.0,,
2026-09-30,TUR,MSCI Turkey ETF,Region,,,,,475514.0,,150.0,,4.0,4.0,,-0.00028736946553384313,-3.637305209603874e-05,-1.0,0.0,,
2026-09-30,TBX,Short 7-10 Year Treasury,Income,,,,,7664.0,,29.0,,1.0,1.0,,0.0008133151365066454,0.0006453453216977695,-1.0,0.0,,
2026-09-30,TBF,Short 20+ Year Treasury,Income,,,,,1184708.0,,54.0,,1.0,1.0,,0.0005665703014783282,0.0003243800196658197,-1.0,0.0,,
2026-09-30,USDU,Bloomberg U.S. Dollar Bullish Fund,Currency,,,,,196846.0,,23.0,,1.0,1.0,,0.0004213347502844665,0.00018211026144192204,-1.0,0.0,,
2026-09-30,IDX,Market Vectors Indonesia Index ETF,Region,,,,,17342.0,,120.0,,4.0,1.0,,-0.0004175262694540199,-0.0003155139012492143,-1.0,0.0,,
2026-09-30,QCLN,NASDAQ Clean Edge Green Energy Index Fund,Industry,,,,,82588.0,,195.0,,1.0,3.0,,-4.93940984921315e-05,8.106532496688161e-05,-1.0,0.0,,
2026-09-30,SCO, ProShares UltraShort Bloomberg Crude Oil,Inverse,,,,,5043199.0,,295.0,,4.0,3.0,,-0.0003156421708874191,-0.00035535093754688295,-1.0,0.0,,
2026-09-30,DGZ,Inverse Gold ETN,Inverse,,,,,1789.0,,392.0,,1.0,3.0,,9.015358108464979e-05,2.7142716910117915e-05,-1.0,0.0,,
2026-09-30,REK,Short Real Estate,Inverse,,,,,26170.0,,65.0,,1.0,1.0,,0.00034099428819766664,5.011266105418757e-05,-1.0,0.0,,
2026-09-30,RWM,Short Russell2000,Inverse,,,,,43360543.0,,72.0,,1.0,1.0,,7.435344734718421e-05,-0.00018431485598901294,-1.0,0.0,,
2026-09-30,EUM,Inverse Emerging Mkt Index,Inverse,,,,,19966.0,,124.0,,1.0,1.0,,-0.000239196144408179,-0.00037861197606366414,-1.0,0.0,,
2026-09-30,PSQ,Inverse Nasdaq 100,Inverse,,,,,18535435.0,,97.0,,4.0,1.0,,-0.00040379759315280835,-0.0005080130742979118,-1.0,0.0,,
2026-09-30,SJB,Short High Yield,Inverse,,,,,153206.0,,20.0,,1.0,1.0,,0.0005293645922351455,0.00010884049814999251,-1.0,0.0,,
2026-09-30,EFZ,Short MSCI EAFE,Inverse,,,,,37934.0,,69.0,,1.0,1.0,,-3.4013972620003377e-06,-0.00017687887465182958,-1.0,0.0,,
2026-09-30,DOG,Short Dow30,Inverse,,,,,9033642.0,,58.0,,1.0,1.0,,-6.271989098645853e-05,-0.00017503079075040055,-1.0,0.0,,
2026-09-30,MYY,Short MidCap400,Inverse,,,,,5718.0,,60.0,,1.0,1.0,,0.00022368392700071723,-1.5483091485534227e-05,-1.0,0.0,,
2026-09-30,SMN,ProShares UltraShort Basic Materials,Inverse,,,,,656.0,,167.0,,1.0,3.0,,0.00023094786099427412,9.997617176194018e-05,-1.0,0.0,,
2026-09-30,SH,Short S&P500,Inverse,,,,,9583478.0,,57.0,,4.0,1.0,,-0.00033301801269129867,-0.0004858061415847945,-1.0,0.0,,
2026-09-30,SEF,Short Financials,Inverse,,,,,15362.0,,66.0,,1.0,1.0,,7.637935188553918e-05,-0.00013885372419947752,-1.0,0.0,,
2026-09-30,RWO,Global Real Estate,Region,,,,,605288.0,,57.0,,4.0,1.0,,-0.00014420211407627638,6.011681446148646e-05,-1.0,0.0,,
