,Symbol,Name,Sector,Open,High,Low,Close,Volume,IndexClose,CVI,LTI,STI,VI,SecState,VWRS,VWRS_1wk,RS,GapDown,Thermostat,Days
2026-09-28,ABBV,AbbVie Inc,HC,264.3299865722656,267.739990234375,263.3800048828125,266.2799987792969,4421300.0,765.6099853515625,112.0,1.0,1.0,1.0,1.0,0.0006098166339449826,0.0005470958994844578,1.0,0.0,1.0,28.0
2026-09-28,AAPL,Apple Inc,IT,340.3699951171875,342.989990234375,338.0400085449219,338.3999938964844,32724700.0,765.6099853515625,128.0,1.0,1.0,3.0,3.0,0.000637138242915839,0.0005937347450651864,1.0,0.0,1.0,21.0
2026-09-28,ABT,Abbott Laboratories,HC,101.08000183105469,101.76000213623047,100.26000213623047,100.9800033569336,6729200.0,765.6099853515625,128.0,4.0,4.0,1.0,8.0,-7.943641019800576e-05,3.130869184956326e-06,-1.0,0.0,4.0,8.0
2026-09-28,ACN,Accenture Plc,IT,173.50999450683594,177.0800018310547,172.3000030517578,174.47000122070312,5499800.0,765.6099853515625,239.0,4.0,4.0,3.0,10.0,-1.0287764413697268e-05,0.00012538814182042187,-1.0,0.0,4.0,7.0
2026-09-28,ADI,"Analog Devices, Inc.",IT,395.45001220703125,396.07000732421875,388.1300048828125,395.42999267578125,3064400.0,765.6099853515625,178.0,1.0,1.0,3.0,3.0,0.00027493818841358434,0.0002588085368842013,1.0,0.0,1.0,2.0
2026-09-28,ADBE,Adobe Inc,IT,229.72000122070312,231.49000549316406,224.6699981689453,231.00999450683594,5208600.0,765.6099853515625,231.0,4.0,4.0,4.0,12.0,-7.859307576082938e-05,6.392733267542929e-05,-1.0,1.0,4.0,13.0
2026-09-28,AFL,Aflac Inc,FN,114.05999755859375,114.41000366210938,113.0999984741211,113.55000305175781,1482900.0,765.6099853515625,82.0,1.0,4.0,3.0,4.0,-2.7893566279874204e-05,4.9915556615309825e-05,-1.0,0.0,2.0,278.0
2026-09-28,ADP,Automatic Data Processing Inc,IND,260.8999938964844,264.8699951171875,259.29998779296875,261.79998779296875,1666900.0,765.6099853515625,131.0,1.0,4.0,3.0,4.0,0.00038536160610274083,0.0004763897639999553,-1.0,0.0,2.0,59.0
2026-09-28,ALV,Autoliv Inc,EU,116.31999969482422,116.31999969482422,112.9000015258789,114.02999877929688,823400.0,765.6099853515625,146.0,4.0,4.0,3.0,10.0,9.922573425374481e-05,0.0001874757554051104,-1.0,0.0,4.0,3.0
2026-09-28,AMAT,"Applied Materials, Inc.",IT,482.20001220703125,487.45001220703125,471.3800048828125,486.760009765625,5955300.0,765.6099853515625,311.0,1.0,1.0,3.0,3.0,0.00025004883713517547,0.0001514602291686391,1.0,0.0,1.0,5.0
2026-09-28,AMD,"Advanced Micro Devices, Inc.",IT,624.9000244140625,629.75,596.0700073242188,607.8699951171875,21995500.0,765.6099853515625,330.0,1.0,1.0,3.0,3.0,0.000987435033646888,0.0010138074505736943,1.0,0.0,1.0,15.0
2026-09-28,AMGN,Amgen Inc,HC,411.5199890136719,419.0199890136719,410.9599914550781,418.1300048828125,2761800.0,765.6099853515625,176.0,1.0,1.0,4.0,5.0,0.0002377103358978019,8.9852591096054e-05,1.0,0.0,1.0,1.0
2026-09-28,AMT,American Tower Corp,RE,168.89999389648438,169.88999938964844,166.97000122070312,168.0,3221300.0,765.6099853515625,126.0,4.0,4.0,3.0,10.0,-7.082152305784167e-05,0.00012006347979495837,-1.0,0.0,4.0,13.0
2026-09-28,AMZN,Amazon.com Inc,DISC,246.6300048828125,247.77000427246094,244.72999572753906,246.14999389648438,31955500.0,765.6099853515625,174.0,1.0,4.0,3.0,4.0,0.0001483693901477482,0.00025163441086832025,-1.0,0.0,2.0,10.0
2026-09-28,AON,Aon PLC,FN,277.5,278.3999938964844,270.0,272.1000061035156,1833800.0,765.6099853515625,168.0,4.0,4.0,4.0,12.0,-0.00041341816027515576,-0.0002704255051764693,-1.0,0.0,4.0,41.0
2026-09-28,APD,Air Products and Chemicals Inc,MT,280.80999755859375,282.20001220703125,277.8900146484375,278.75,1159200.0,765.6099853515625,110.0,1.0,4.0,1.0,2.0,-0.00019788023054707977,-0.00012080664645054686,-1.0,0.0,4.0,12.0
2026-09-28,AVGO,Broadcom Inc,IT,352.8699951171875,355.8599853515625,347.32000732421875,349.57000732421875,21413300.0,765.6099853515625,201.0,4.0,4.0,3.0,10.0,1.6985117826163876e-05,9.937869694752303e-05,-1.0,0.0,4.0,29.0
2026-09-28,AVVIY,AVIVA ADR,EU,18.6200008392334,18.639999389648438,18.59000015258789,18.639999389648438,301.0,765.6099853515625,97.0,1.0,4.0,1.0,2.0,0.0002818443373354172,0.0005657448620991951,-1.0,0.0,2.0,74.0
2026-09-28,AXP,American Express Company,FN,307.70001220703125,308.8800048828125,304.19000244140625,306.3299865722656,3354600.0,765.6099853515625,116.0,4.0,4.0,3.0,10.0,-0.00013978006023548519,-4.238481153567665e-05,-1.0,0.0,4.0,47.0
2026-09-28,AZN,AstraZeneca plc,EU,165.69000244140625,167.52000427246094,165.38999938964844,166.14999389648438,1714400.0,765.6099853515625,140.0,4.0,1.0,3.0,9.0,-0.00017316356058969963,-0.00011073430976234833,1.0,0.0,1.0,8.0
2026-09-28,AZO,Autozone Inc,DISC,2878.510009765625,2931.4599609375,2866.35009765625,2913.280029296875,432900.0,765.6099853515625,142.0,4.0,4.0,3.0,10.0,-0.0002993773783217396,-0.00033237175923895706,1.0,0.0,4.0,97.0
2026-09-28,BA,Boeing Co,IND,192.6199951171875,192.77000427246094,184.00999450683594,184.38999938964844,17954600.0,765.6099853515625,181.0,4.0,4.0,3.0,10.0,-0.0002786772043708144,-8.938739142681875e-05,-1.0,1.0,4.0,27.0
2026-09-28,BAC,Bank of America Corp,FN,56.41999816894531,56.66999816894531,55.369998931884766,55.470001220703125,29002800.0,765.6099853515625,115.0,1.0,4.0,4.0,6.0,4.740913675981914e-05,0.00027118924602330857,-1.0,0.0,4.0,11.0
2026-09-28,BBVA,Banco Bilbao Vizcaya Argentaria SA,EU,28.8700008392334,28.989999771118164,28.59000015258789,28.799999237060547,2173400.0,765.6099853515625,135.0,1.0,4.0,3.0,4.0,0.0004695515201739039,0.0005791144536788979,1.0,0.0,2.0,64.0
2026-09-28,BDX,Becton Dickinson and Co,HC,183.07000732421875,184.33999633789062,181.9499969482422,183.8300018310547,1878500.0,765.6099853515625,131.0,1.0,4.0,3.0,4.0,0.00030206397134172394,0.00033279175742417024,1.0,0.0,2.0,61.0
2026-09-28,BHP,BHP Group Ltd,AP,83.2300033569336,84.94999694824219,82.93000030517578,84.58000183105469,2469100.0,765.6099853515625,165.0,1.0,4.0,3.0,4.0,0.0002001534115555247,0.0003128505820607258,-1.0,0.0,2.0,13.0
2026-09-28,BKNG,Booking Holdings Inc,DISC,162.6300048828125,166.19000244140625,160.75,163.8699951171875,8233800.0,765.6099853515625,203.0,4.0,4.0,4.0,12.0,-0.00022564284556061083,-0.00012310518776013156,-1.0,0.0,4.0,20.0
2026-09-28,BLK,BlackRock Inc,FN,1076.989990234375,1083.0,1063.199951171875,1071.25,517800.0,765.6099853515625,127.0,1.0,4.0,3.0,4.0,0.00012112979079576376,0.00017218163922449594,-1.0,0.0,2.0,54.0
2026-09-28,BMY,Bristol-Myers Squibb Co,HC,62.77000045776367,63.93000030517578,62.29999923706055,63.880001068115234,13394700.0,765.6099853515625,123.0,1.0,4.0,3.0,4.0,0.00010250615660594747,0.00011956970315748855,1.0,0.0,2.0,205.0
2026-09-28,BP,BP plc,EU,44.79999923706055,45.150001525878906,44.369998931884766,44.43000030517578,7516600.0,765.6099853515625,151.0,1.0,4.0,4.0,6.0,5.0785862197403956e-05,8.849582813460057e-05,1.0,0.0,2.0,5.0
2026-09-28,BRDCY,Bridgestone Corp,AP,12.149999618530273,12.149999618530273,12.0600004196167,12.0600004196167,30134.0,765.6099853515625,132.0,1.0,4.0,3.0,4.0,0.00014175790344165979,0.00019066072926950066,1.0,0.0,2.0,94.0
2026-09-28,BRK-B,Berkshire Hathaway,FN,505.0,507.239990234375,502.57000732421875,503.0899963378906,3855100.0,765.6099853515625,68.0,1.0,4.0,1.0,2.0,0.0001507821332300677,0.000125376486224963,-1.0,0.0,2.0,96.0
2026-09-28,BSX,Boston Scientific Corporation,HC,43.90999984741211,44.150001525878906,43.16999816894531,44.11000061035156,21764200.0,765.6099853515625,189.0,4.0,4.0,3.0,10.0,-0.0004468529923121175,-0.0004896312982581953,-1.0,0.0,4.0,23.0
2026-09-28,C,Citigroup Inc,FN,133.67999267578125,133.9600067138672,131.05999755859375,131.30999755859375,8808500.0,765.6099853515625,129.0,1.0,4.0,1.0,2.0,0.00016893423557319046,0.0003365163537016804,-1.0,0.0,2.0,36.0
2026-09-28,CAJPY,Canon Inc,AP,29.209999084472656,29.299999237060547,29.079999923706055,29.079999923706055,9012.0,765.6099853515625,115.0,1.0,1.0,1.0,1.0,8.36830021648194e-05,0.0001275613856504746,1.0,0.0,1.0,1.0
2026-09-28,CB,Chubb Ltd,FN,333.8399963378906,334.25,329.67999267578125,331.3699951171875,2662700.0,765.6099853515625,91.0,1.0,4.0,1.0,2.0,-2.5083507805329834e-06,5.787279510337231e-05,-1.0,0.0,2.0,8.0
2026-09-28,CAT,Caterpillar Inc.,IND,821.0499877929688,827.5700073242188,808.2000122070312,819.9500122070312,2174700.0,765.6099853515625,176.0,1.0,1.0,3.0,3.0,0.0001407193457749012,0.00018477562285253493,1.0,0.0,1.0,12.0
2026-09-28,CCI,Crown Castle Inc,RE,67.68000030517578,67.81999969482422,66.16999816894531,67.0999984741211,3164200.0,765.6099853515625,145.0,4.0,4.0,3.0,10.0,-0.0003840354358322508,-4.290515310584208e-05,-1.0,0.0,4.0,11.0
2026-09-28,CDNS,Cadence Design Systems Inc,IT,319.0,329.3500061035156,317.8900146484375,326.70001220703125,1983200.0,765.6099853515625,208.0,4.0,1.0,3.0,9.0,0.00018296608269554042,-4.9635571432390286e-05,1.0,0.0,1.0,4.0
2026-09-28,CI,Cigna Group,HC,272.4800109863281,272.489990234375,269.04998779296875,271.8299865722656,1700600.0,765.6099853515625,132.0,4.0,4.0,1.0,8.0,-4.279728090269597e-05,9.290427960220809e-05,-1.0,0.0,4.0,4.0
2026-09-28,CMCSA,Comcast Corp,COMMS,21.920000076293945,21.969999313354492,21.5,21.790000915527344,29771100.0,765.6099853515625,172.0,4.0,4.0,4.0,12.0,-0.00040618445657820723,-0.0002925754048345513,-1.0,0.0,4.0,14.0
2026-09-28,CL,Colgate-Palmolive Company,STAP,85.6500015258789,86.61000061035156,85.30000305175781,86.5199966430664,4415000.0,765.6099853515625,95.0,1.0,4.0,1.0,2.0,-6.555742950626285e-05,-4.101230057423988e-05,1.0,0.0,2.0,30.0
2026-09-28,CME,CME Group Inc,FN,266.0899963378906,268.20001220703125,262.510009765625,263.239990234375,1335700.0,765.6099853515625,124.0,4.0,4.0,3.0,10.0,-0.0001456829100972295,5.474412539732782e-06,-1.0,0.0,4.0,9.0
2026-09-28,CMG,"Chipotle Mexican Grill, Inc.",DISC,31.200000762939453,33.599998474121094,31.139999389648438,31.850000381469727,31427900.0,765.6099853515625,215.0,4.0,4.0,3.0,10.0,-7.275946279722334e-05,4.92515198735315e-05,-1.0,0.0,4.0,10.0
2026-09-28,COP,ConocoPhillips,EG,129.36000061035156,129.36000061035156,125.81999969482422,126.04000091552734,6196900.0,765.6099853515625,160.0,1.0,4.0,3.0,4.0,4.781820858872739e-05,0.00018440042565364407,-1.0,0.0,4.0,6.0
2026-09-28,CRM,Salesforce Inc,IT,224.97000122070312,230.57000732421875,221.17999267578125,227.27000427246094,10263200.0,765.6099853515625,285.0,1.0,4.0,4.0,6.0,0.00032384692335949355,0.0003891997289104694,-1.0,1.0,4.0,1.0
2026-09-28,COST,Costco Wholesale Corporation,STAP,924.3900146484375,931.0900268554688,913.0,922.9199829101562,2420300.0,765.6099853515625,97.0,4.0,1.0,1.0,7.0,-0.0002843351302196117,-0.0002982270236957055,1.0,0.0,1.0,1.0
2026-09-28,CSCO,Cisco Systems Inc,IT,106.5199966430664,107.68000030517578,105.9800033569336,106.73999786376953,19356400.0,765.6099853515625,171.0,1.0,4.0,3.0,4.0,0.00034743808144335606,0.0003413803158644186,-1.0,0.0,2.0,4.0
2026-09-28,CSX,CSX Corp,IND,46.650001525878906,47.15999984741211,46.59000015258789,46.7599983215332,9361300.0,765.6099853515625,103.0,1.0,4.0,3.0,4.0,0.00014655033741597836,0.00023016664667820875,-1.0,0.0,2.0,124.0
2026-09-28,CVS,CVS Health Corp,HC,89.51000213623047,90.0199966430664,87.83000183105469,87.8499984741211,7900300.0,765.6099853515625,143.0,1.0,4.0,1.0,2.0,0.0001824366260521558,0.0003242678783098135,-1.0,0.0,4.0,8.0
2026-09-28,CVX,Chevron Corp,EG,207.0,208.25,205.3800048828125,206.3699951171875,9501800.0,765.6099853515625,120.0,1.0,1.0,3.0,3.0,0.00019750383603825037,0.00024422825270230784,-1.0,0.0,1.0,55.0
2026-09-28,DG,Dollar General Corp,STAP,122.97000122070312,125.54000091552734,122.44999694824219,124.37000274658203,2377200.0,765.6099853515625,169.0,4.0,4.0,4.0,12.0,7.310694483589564e-05,4.036303953023414e-05,1.0,0.0,4.0,7.0
2026-09-28,DE,Deere & Co,IND,687.1300048828125,690.9400024414062,681.8599853515625,689.5900268554688,798800.0,765.6099853515625,159.0,1.0,1.0,4.0,5.0,0.00040699317103868194,0.0003767207522261075,1.0,0.0,1.0,26.0
2026-09-28,DHR,Danaher Corp,HC,223.39999389648438,228.3800048828125,222.10000610351562,227.3300018310547,4898600.0,765.6099853515625,161.0,1.0,1.0,3.0,3.0,0.0003699584624082986,0.000263538151335521,1.0,0.0,1.0,6.0
2026-09-28,DHI,DR Horton Inc,IND,140.42999267578125,142.3699951171875,139.27000427246094,139.4199981689453,2588600.0,765.6099853515625,164.0,4.0,4.0,4.0,12.0,-2.555181826559279e-05,-8.464632266568635e-06,-1.0,0.0,4.0,58.0
2026-09-28,DIS,Walt Disney Co,COMMS,105.12000274658203,106.58000183105469,104.76000213623047,105.58999633789062,12078000.0,765.6099853515625,126.0,1.0,4.0,4.0,6.0,0.00018351291356317722,0.00019177486638929619,1.0,0.0,2.0,7.0
2026-09-28,DOV,Dover Corp,IND,190.52999877929688,192.7100067138672,188.9499969482422,191.47999572753906,1269800.0,765.6099853515625,118.0,4.0,4.0,1.0,8.0,-0.00025401983813299695,-0.00030282941992583224,1.0,0.0,4.0,47.0
2026-09-28,DTE,DTE Energy Co,EU,121.3499984741211,121.80000305175781,120.37000274658203,120.83000183105469,2284100.0,765.6099853515625,84.0,4.0,4.0,1.0,8.0,-0.0006850403608936933,-0.00043755354613717306,-1.0,0.0,2.0,53.0
2026-09-28,DUK,Duke Energy Corp,UT,113.5,113.8499984741211,112.79000091552734,113.41000366210938,4193500.0,765.6099853515625,79.0,4.0,4.0,1.0,8.0,-0.000519415088807836,-0.00031432218993215086,-1.0,0.0,2.0,52.0
2026-09-28,DXCM,DexCom Inc,HC,86.87000274658203,87.33999633789062,85.2699966430664,86.68000030517578,3340600.0,765.6099853515625,176.0,1.0,4.0,3.0,4.0,0.00036715400977696327,0.00045864005009934764,-1.0,0.0,2.0,15.0
2026-09-28,ELV,Elevance Health Inc,HC,396.989990234375,400.1700134277344,392.44000244140625,394.5899963378906,1334200.0,765.6099853515625,149.0,1.0,4.0,1.0,2.0,0.00040558093012729794,0.0005817716467942173,-1.0,0.0,2.0,37.0
2026-09-28,EMN,Eastman Chemical Co,MT,66.23999786376953,66.97000122070312,65.44999694824219,66.47000122070312,1018600.0,765.6099853515625,134.0,4.0,4.0,1.0,8.0,-0.00023459358143635938,-0.00022816714375632597,-1.0,0.0,4.0,19.0
2026-09-28,EMR,Emerson Electric Co,IND,156.63999938964844,160.1300048828125,156.57000732421875,159.38999938964844,2121300.0,765.6099853515625,140.0,1.0,4.0,1.0,2.0,0.0002277505106487074,0.00019777007078242102,1.0,0.0,2.0,19.0
2026-09-28,EOG,EOG Resources Inc,EG,142.3800048828125,142.3800048828125,140.02000427246094,140.6300048828125,2746200.0,765.6099853515625,160.0,1.0,4.0,3.0,4.0,3.306666269900302e-06,6.046941072602696e-05,-1.0,0.0,2.0,6.0
2026-09-28,EQIX,Equinix Inc,RE,1008.8599853515625,1031.3900146484375,1005.9400024414062,1011.0700073242188,467200.0,765.6099853515625,134.0,1.0,4.0,4.0,6.0,-4.25987934154137e-05,0.00011871011316267844,-1.0,0.0,4.0,1.0
2026-09-28,ETN,Eaton Corporation PLC,IND,437.7099914550781,441.94000244140625,423.8299865722656,431.4100036621094,2367400.0,765.6099853515625,222.0,1.0,1.0,4.0,5.0,0.00014133438626008315,0.0001284622131879673,1.0,0.0,1.0,7.0
2026-09-28,EW,Edwards Lifesciences Corp,HC,86.0,87.33000183105469,85.55999755859375,86.83000183105469,3228100.0,765.6099853515625,120.0,1.0,4.0,4.0,6.0,1.1491586299619576e-05,0.00014576422663884872,-1.0,0.0,4.0,6.0
2026-09-28,FDX,FedEx Corp,IND,285.8500061035156,289.79998779296875,283.20001220703125,289.6499938964844,1890100.0,765.6099853515625,142.0,4.0,4.0,1.0,8.0,-0.00018931347363383024,8.87146037365087e-05,-1.0,0.0,4.0,15.0
2026-09-28,FCX,Freeport-McMoRan Inc,MT,69.76000213623047,72.5,69.45999908447266,71.95999908447266,8876600.0,765.6099853515625,228.0,1.0,4.0,3.0,4.0,0.00021407514265299842,0.00025615770990030474,-1.0,0.0,2.0,12.0
2026-09-28,FISV,Fiserv Inc,FN,46.0099983215332,46.619998931884766,44.81999969482422,46.02000045776367,9295400.0,765.6099853515625,193.0,4.0,4.0,3.0,10.0,-0.0003220551366253974,-0.0002167440715533555,-1.0,0.0,4.0,29.0
2026-09-28,GD,General Dynamics Corp,IND,334.8599853515625,337.29998779296875,332.5899963378906,334.1600036621094,1870400.0,765.6099853515625,100.0,4.0,4.0,1.0,8.0,-0.0003176216824974096,-9.684091219990867e-05,-1.0,0.0,4.0,11.0
2026-09-28,GE,General Electric Co,IND,321.4599914550781,323.0,315.239990234375,318.239990234375,4173000.0,765.6099853515625,151.0,1.0,4.0,1.0,2.0,6.87481158831317e-05,-2.359132466596873e-07,-1.0,0.0,2.0,27.0
2026-09-28,GILD,"Gilead Sciences, Inc.",HC,149.8000030517578,152.74000549316406,149.41000366210938,152.2100067138672,5076500.0,765.6099853515625,124.0,1.0,1.0,3.0,3.0,0.0003273785413326002,0.00041814800751192844,1.0,0.0,1.0,34.0
2026-09-28,GIS,General Mills Inc,STAP,33.599998474121094,34.06999969482422,33.209999084472656,33.599998474121094,10681700.0,765.6099853515625,159.0,4.0,4.0,4.0,12.0,-0.00020002525954834866,2.8490025310833924e-05,-1.0,0.0,4.0,17.0
2026-09-28,GOOG,Alphabet Inc Class C,COMMS,337.6000061035156,340.1099853515625,336.6000061035156,339.1600036621094,13820900.0,765.6099853515625,153.0,1.0,1.0,3.0,3.0,0.00021221612332993824,0.00035314038599509184,-1.0,0.0,1.0,8.0
2026-09-28,GOOGL,Alphabet Inc Class A,COMMS,340.70001220703125,343.5899963378906,339.55999755859375,342.75,19299900.0,765.6099853515625,157.0,1.0,1.0,3.0,3.0,0.00021695782021962992,0.00037241107766434117,-1.0,0.0,1.0,9.0
2026-09-28,GS,Goldman Sachs Group Inc,FN,930.9400024414062,932.0,914.5,916.280029296875,1796800.0,765.6099853515625,162.0,4.0,4.0,3.0,10.0,-1.892310843766588e-05,0.00013111279481734805,-1.0,0.0,4.0,43.0
2026-09-28,GSK,GSK plc,EU,49.16999816894531,49.79999923706055,48.97999954223633,49.70000076293945,3586600.0,765.6099853515625,125.0,4.0,1.0,3.0,9.0,-0.00017092645244365213,-8.965780845183548e-05,-1.0,0.0,2.0,8.0
2026-09-28,HCA,HCA Healthcare Inc,HC,431.1600036621094,443.1499938964844,431.1600036621094,432.6000061035156,1045200.0,765.6099853515625,163.0,4.0,1.0,3.0,9.0,-5.1661360396530706e-05,-5.211775336954293e-05,1.0,0.0,1.0,8.0
2026-09-28,HD,Home Depot Inc,DISC,290.2699890136719,293.9100036621094,289.30999755859375,289.8900146484375,5387300.0,765.6099853515625,126.0,4.0,4.0,3.0,10.0,-0.0003054375942614044,-0.00031132372882218307,-1.0,0.0,4.0,30.0
2026-09-28,HMC,Honda Motor Co Ltd,AP,32.720001220703125,32.77000045776367,32.43000030517578,32.4900016784668,534300.0,765.6099853515625,140.0,1.0,1.0,3.0,3.0,0.0005196956857726611,0.0004872731977271826,1.0,0.0,1.0,94.0
2026-09-28,HON,Honeywell International Inc,IND,211.14999389648438,212.80999755859375,209.72999572753906,211.52000427246094,2182500.0,765.6099853515625,134.0,4.0,1.0,3.0,9.0,-0.00028730965867628097,-0.00036534344953908436,1.0,0.0,1.0,4.0
2026-09-28,HUM,Humana Inc,HC,397.42999267578125,408.19000244140625,389.1000061035156,389.6300048828125,1487500.0,765.6099853515625,175.0,1.0,4.0,1.0,2.0,0.001091445144838205,0.0012073070727810521,1.0,0.0,2.0,6.0
2026-09-28,IBM,IBM Common Stock,IT,222.5,223.13999938964844,219.22999572753906,220.6699981689453,5285800.0,765.6099853515625,259.0,4.0,4.0,1.0,8.0,-5.419479898060441e-05,6.119096952482205e-06,-1.0,1.0,4.0,7.0
2026-09-28,ICE,Intercontinental Exchange Inc,FN,153.67999267578125,155.4600067138672,152.50999450683594,152.91000366210938,2346900.0,765.6099853515625,118.0,4.0,4.0,3.0,10.0,-1.7281494765619455e-05,0.00011601420076545978,-1.0,0.0,4.0,9.0
2026-09-28,INTU,Intuit Inc,IT,270.1499938964844,272.1400146484375,262.32000732421875,269.3999938964844,3803400.0,765.6099853515625,247.0,4.0,4.0,3.0,10.0,-0.00038959801056728224,-0.00020971942438723337,-1.0,0.0,4.0,15.0
2026-09-28,INTC,Intel Corp,IT,120.68000030517578,121.70999908447266,114.70999908447266,116.02999877929688,111220000.0,765.6099853515625,380.0,1.0,1.0,3.0,3.0,0.0007855468406648396,0.0010523201719838326,-1.0,1.0,1.0,15.0
2026-09-28,ISRG,"Intuitive Surgical, Inc.",HC,405.17999267578125,416.510009765625,402.75,414.7900085449219,2568500.0,765.6099853515625,194.0,4.0,1.0,3.0,9.0,-8.612552556047783e-05,-9.759425242860267e-05,1.0,0.0,1.0,8.0
2026-09-28,ITUB,Itau Unibanco Holding SA ADR,SA,8.0,8.079999923706055,7.949999809265137,7.989999771118164,21535200.0,765.6099853515625,151.0,4.0,4.0,1.0,8.0,0.00010061489931841596,0.00011850420290150541,-1.0,0.0,4.0,1.0
2026-09-28,ITW,Illinois Tool Works Inc.,IND,273.3399963378906,275.32000732421875,271.9100036621094,273.8299865722656,813600.0,765.6099853515625,91.0,1.0,1.0,1.0,1.0,2.1668154748219318e-05,-6.99172752921597e-05,1.0,0.0,1.0,4.0
2026-09-28,JNJ,Johnson & Johnson,HC,270.1700134277344,273.7799987792969,269.2699890136719,271.95001220703125,7185600.0,765.6099853515625,97.0,1.0,4.0,1.0,2.0,0.00037594954878575776,0.0003541849653618732,1.0,0.0,2.0,14.0
2026-09-28,JPM,JPMorgan Chase & Co,FN,341.8299865722656,342.0,336.29998779296875,336.5899963378906,9790100.0,765.6099853515625,99.0,1.0,4.0,3.0,4.0,0.0001849996281177271,0.0004508210622103795,-1.0,0.0,2.0,80.0
2026-09-28,KLAC,KLA Corp,IT,186.7100067138672,190.6999969482422,182.6999969482422,189.1699981689453,8704400.0,765.6099853515625,300.0,1.0,4.0,3.0,4.0,0.0001743281054067151,0.00015124757506796338,1.0,0.0,2.0,59.0
2026-09-28,KMB,Kimberly-Clark Corp,STAP,98.0,99.01000213623047,97.33999633789062,98.7699966430664,3334800.0,765.6099853515625,119.0,4.0,4.0,3.0,10.0,-3.781448848823571e-05,-9.85089560004547e-05,1.0,0.0,4.0,49.0
2026-09-28,KO,Coca-Cola Co,STAP,87.61000061035156,87.69999694824219,86.88999938964844,87.18000030517578,14493300.0,765.6099853515625,91.0,1.0,4.0,1.0,2.0,0.00035287819045745844,0.00038932619827886675,-1.0,0.0,2.0,44.0
2026-09-28,LEN,Lennar Corp,IND,81.80999755859375,84.08000183105469,81.76000213623047,82.02999877929688,6782000.0,765.6099853515625,187.0,4.0,4.0,3.0,10.0,-0.00010175621823114627,-0.00023535748561730437,1.0,0.0,4.0,149.0
2026-09-28,LIN,Linde PLC,MT,467.3800048828125,474.04998779296875,465.010009765625,472.0400085449219,1868800.0,765.6099853515625,89.0,4.0,4.0,1.0,8.0,-0.00013986377136786157,-0.00027378957717257447,1.0,0.0,2.0,49.0
2026-09-28,LMT,Lockheed Martin Corp,IND,519.0,524.27001953125,516.0999755859375,518.0999755859375,1076200.0,765.6099853515625,138.0,4.0,4.0,3.0,10.0,-0.0003921022682803355,-0.00022938084651727298,-1.0,0.0,4.0,24.0
2026-09-28,LLY,Eli Lilly And Co,HC,1180.300048828125,1194.0899658203125,1172.56005859375,1184.780029296875,1971200.0,765.6099853515625,145.0,1.0,1.0,1.0,1.0,0.0003371972176249804,0.00034917144556384294,1.0,0.0,1.0,4.0
2026-09-28,LOW,Lowe's Companies Inc,DISC,187.14999389648438,189.7100067138672,186.3000030517578,187.66000366210938,3946100.0,765.6099853515625,127.0,4.0,4.0,3.0,10.0,-0.000500250626669978,-0.00047151048186523566,-1.0,0.0,4.0,105.0
2026-09-28,MA,Mastercard Inc,FN,566.280029296875,569.5700073242188,563.5,568.260009765625,3188600.0,765.6099853515625,96.0,1.0,4.0,1.0,2.0,0.00029133527822956313,0.00029888623403463385,1.0,0.0,2.0,52.0
2026-09-28,LRCX,Lam Research Corporation,IT,313.8800048828125,316.30999755859375,305.5,314.4700012207031,8902500.0,765.6099853515625,336.0,1.0,1.0,3.0,3.0,0.0002371838915733753,0.0002166076787287483,1.0,0.0,1.0,5.0
2026-09-28,MC,Moelis & Co,EU,58.310001373291016,58.650001525878906,56.685001373291016,58.099998474121094,729300.0,765.6099853515625,188.0,4.0,4.0,4.0,12.0,-8.55936164398272e-05,2.3834043331625467e-05,-1.0,0.0,4.0,14.0
2026-09-28,MAR,Marriott International Inc,DISC,351.95001220703125,359.6300048828125,349.67999267578125,358.57000732421875,1696300.0,765.6099853515625,122.0,1.0,1.0,3.0,3.0,0.00011144096816215517,2.653005099064385e-05,1.0,0.0,1.0,5.0
2026-09-28,MCD,McDonald's Corp,DISC,235.74000549316406,237.47999572753906,233.22999572753906,233.60000610351562,5330000.0,765.6099853515625,114.0,4.0,4.0,4.0,12.0,-0.000642088170179664,-0.0005605415934419833,-1.0,0.0,4.0,66.0
2026-09-28,MCO,Moody's Corp,FN,462.8800048828125,464.1300048828125,457.9800109863281,460.0799865722656,751900.0,765.6099853515625,124.0,1.0,4.0,3.0,4.0,4.360430680206177e-05,0.00010250371600392454,-1.0,0.0,2.0,24.0
2026-09-28,MCK,McKesson Corp,HC,865.02001953125,871.2000122070312,855.6400146484375,856.2899780273438,550000.0,765.6099853515625,141.0,1.0,4.0,3.0,4.0,1.709138849505881e-05,7.565371231286263e-05,-1.0,0.0,2.0,8.0
2026-09-28,MDLZ,MONDELEZ INTERNATIONAL INC Common Stock,STAP,60.15999984741211,60.68000030517578,59.75,60.18000030517578,7262700.0,765.6099853515625,106.0,1.0,4.0,3.0,4.0,2.8602182496440453e-05,8.0807662900218e-05,-1.0,0.0,2.0,23.0
2026-09-28,MDT,Medtronic PLC,HC,88.31999969482422,89.52999877929688,87.5199966430664,89.5,22548000.0,765.6099853515625,119.0,1.0,4.0,3.0,4.0,6.94180188461685e-05,0.0002501934766883707,-1.0,0.0,2.0,32.0
2026-09-28,META,Meta Platforms Inc,COMMS,750.0399780273438,750.5800170898438,713.1900024414062,715.6199951171875,27713500.0,765.6099853515625,253.0,1.0,1.0,4.0,5.0,0.00046395057312519083,0.000422560819433067,-1.0,0.0,2.0,14.0
2026-09-28,MMM,3M Co,IND,168.27999877929688,170.6199951171875,168.02999877929688,169.47999572753906,3783500.0,765.6099853515625,113.0,1.0,1.0,3.0,3.0,0.00018977675109392,0.00015067739874949175,1.0,0.0,1.0,49.0
2026-09-28,MO,Altria Group Inc,STAP,69.0,69.5999984741211,68.68000030517578,69.12999725341797,5903000.0,765.6099853515625,129.0,1.0,1.0,3.0,3.0,0.0002473374839638993,0.00016421892112294503,1.0,0.0,1.0,19.0
2026-09-28,MPC,Marathon Petroleum Corp,EG,396.0,398.3299865722656,387.07000732421875,389.44000244140625,2656000.0,765.6099853515625,174.0,1.0,4.0,4.0,6.0,0.0007401635805134392,0.0011678364803192774,-1.0,0.0,4.0,4.0
2026-09-28,MRK,Merck & Co Inc,HC,147.64999389648438,149.19000244140625,146.27999877929688,148.69000244140625,7624100.0,765.6099853515625,159.0,1.0,1.0,3.0,3.0,0.00043335797877679436,0.00047990353538199465,1.0,0.0,1.0,66.0
2026-09-28,MS,Morgan Stanley,FN,195.8699951171875,195.92999267578125,192.97000122070312,193.63999938964844,4357200.0,765.6099853515625,132.0,1.0,4.0,3.0,4.0,0.00013279901141423575,0.000345422399060775,-1.0,0.0,2.0,37.0
2026-09-28,MSBHF,Mitsubishi Corp,AP,31.0,31.0,30.75,30.899999618530273,2050.0,765.6099853515625,267.0,1.0,4.0,4.0,6.0,-1.0441721962029616e-06,1.591626650050034e-05,-1.0,0.0,4.0,3.0
2026-09-28,MSI,Motorola Solutions Inc,IT,453.94000244140625,456.79998779296875,451.42999267578125,452.0799865722656,614800.0,765.6099853515625,123.0,1.0,4.0,3.0,4.0,3.9195481304424484e-05,0.0001189784470546409,-1.0,0.0,2.0,44.0
2026-09-28,MSFT,Microsoft Corp,IT,505.4700012207031,513.3300170898438,502.2200012207031,509.2200012207031,19611600.0,765.6099853515625,173.0,1.0,1.0,3.0,3.0,0.00045101814983473194,0.0004503111400383523,1.0,0.0,1.0,42.0
2026-09-28,MU,Micron Technology Inc,IT,1075.97998046875,1084.81005859375,1032.0,1053.97998046875,22137600.0,765.6099853515625,376.0,1.0,1.0,3.0,3.0,0.00081743421902283,0.0008867565712034796,1.0,0.0,1.0,7.0
2026-09-28,NEE,NextEra Energy Inc,UT,76.02999877929688,76.22000122070312,75.1500015258789,75.48999786376953,13643700.0,765.6099853515625,88.0,4.0,4.0,3.0,10.0,-0.0006678696943744856,-0.0003919589681735929,-1.0,0.0,2.0,37.0
2026-09-28,NG,NovaGold Resources Inc,EU,6.71999979019165,6.820000171661377,6.610000133514404,6.650000095367432,4624000.0,765.6099853515625,364.0,4.0,4.0,3.0,10.0,-0.00016044124850571198,1.2889638922620795e-05,-1.0,1.0,4.0,14.0
2026-09-28,NFLX,Netflix Inc,COMMS,71.55000305175781,71.6500015258789,68.87999725341797,69.2300033569336,43145800.0,765.6099853515625,182.0,4.0,4.0,4.0,12.0,-0.0004283666856494744,-0.00024107412208888133,-1.0,0.0,4.0,111.0
2026-09-28,NGLOY,Anglo American plc Unsponsored ADR,EU,26.299999237060547,26.600000381469727,26.260000228881836,26.510000228881836,37895.0,765.6099853515625,198.0,1.0,4.0,4.0,6.0,0.00021263532879762102,0.00032584419060839587,-1.0,1.0,4.0,11.0
2026-09-28,NKE,Nike Inc,DISC,35.459999084472656,36.66999816894531,35.40999984741211,36.38999938964844,33863600.0,765.6099853515625,148.0,4.0,4.0,1.0,8.0,-0.0003637767058737932,-0.0005730594378417466,1.0,0.0,4.0,39.0
2026-09-28,NOC,Northrop Grumman Corp,IND,509.04998779296875,513.8400268554688,503.94000244140625,505.79998779296875,542100.0,765.6099853515625,122.0,4.0,4.0,3.0,10.0,-0.0006206809799117771,-0.0004547397641431056,-1.0,0.0,4.0,24.0
2026-09-28,NOK,Nokia Oyj,EU,10.229999542236328,10.329999923706055,9.960000038146973,10.119999885559082,55286800.0,765.6099853515625,324.0,1.0,4.0,3.0,4.0,0.00016344951556271185,0.00037119704014595923,-1.0,0.0,2.0,17.0
2026-09-28,NSANY,Nissan Motor Co Ltd,AP,3.9600000381469727,3.9600000381469727,3.8499999046325684,3.8499999046325684,31468.0,765.6099853515625,173.0,4.0,4.0,3.0,10.0,-0.00018344700226714423,-7.488590420118453e-05,-1.0,0.0,4.0,79.0
2026-09-28,NOW,ServiceNow Inc,IT,129.8000030517578,131.88999938964844,126.75,131.4499969482422,11754300.0,765.6099853515625,292.0,1.0,1.0,3.0,3.0,0.0002607351601069589,0.0003175256565273289,-1.0,1.0,1.0,35.0
2026-09-28,NTDOY,Nintendo ADR,AP,12.600000381469727,12.619999885559082,12.390000343322754,12.430000305175781,395251.0,765.6099853515625,195.0,4.0,4.0,3.0,10.0,-0.00012179290401748189,6.025805828352996e-05,-1.0,0.0,4.0,14.0
2026-09-28,NSC,Norfolk Southern Corp,IND,313.1600036621094,314.67999267578125,311.69000244140625,313.04998779296875,722400.0,765.6099853515625,98.0,1.0,4.0,1.0,2.0,6.615426326094292e-05,0.00010653424649092746,-1.0,0.0,2.0,27.0
2026-09-28,NVDA,NVIDIA Corp,IT,229.75,233.2100067138672,228.0399932861328,228.86000061035156,141544300.0,765.6099853515625,187.0,1.0,1.0,4.0,5.0,0.0003115053371301177,0.00034758827668995997,1.0,0.0,1.0,5.0
2026-09-28,OR,Osisko gold royalties Ltd,EU,34.209999084472656,34.95000076293945,33.95000076293945,34.279998779296875,682400.0,765.6099853515625,212.0,4.0,4.0,3.0,10.0,-4.58524767118679e-05,0.00020933059386449843,-1.0,1.0,4.0,4.0
2026-09-28,NVR,NVR Inc,IND,6227.0,6383.2998046875,6227.0,6267.89013671875,36700.0,765.6099853515625,127.0,4.0,4.0,3.0,10.0,-5.491888691464843e-05,-8.755879281547843e-05,1.0,0.0,4.0,57.0
2026-09-28,ORCL,Oracle Corp,IT,132.72999572753906,135.69000244140625,131.5800018310547,132.60000610351562,35014000.0,765.6099853515625,271.0,4.0,4.0,3.0,10.0,-6.327847937724448e-05,0.00012149138990230141,-1.0,1.0,4.0,75.0
2026-09-28,ORA,"Ormat Technologies, Inc.",EU,92.88999938964844,93.4800033569336,90.12000274658203,90.36000061035156,819700.0,765.6099853515625,224.0,4.0,4.0,4.0,12.0,-0.000300003539681512,-0.000150987046219313,-1.0,0.0,4.0,71.0
2026-09-28,ORLY,O'Reilly Automotive Inc,DISC,85.8499984741211,87.0199966430664,85.5999984741211,86.51000213623047,4269500.0,765.6099853515625,131.0,4.0,1.0,3.0,9.0,-0.00017813470347064996,-0.0002626687587419924,1.0,0.0,1.0,1.0
2026-09-28,PFE,Pfizer Inc,HC,28.6200008392334,28.8700008392334,28.389999389648438,28.719999313354492,24853100.0,765.6099853515625,93.0,1.0,1.0,3.0,3.0,0.000322499032299895,0.0002153308561929269,1.0,0.0,1.0,38.0
2026-09-28,PEP,PepsiCo Inc,STAP,127.4800033569336,128.75,126.72000122070312,128.5,7474700.0,765.6099853515625,96.0,4.0,4.0,1.0,8.0,-0.0004901936139605206,-0.00036713286305609783,-1.0,0.0,4.0,18.0
2026-09-28,PGR,Progressive Corp,FN,205.89999389648438,209.7899932861328,204.97000122070312,209.47000122070312,3548300.0,765.6099853515625,141.0,1.0,4.0,3.0,4.0,6.230157333631229e-05,9.400558264496021e-05,1.0,0.0,2.0,3.0
2026-09-28,PG,Procter & Gamble Co,STAP,145.86000061035156,149.47999572753906,145.11000061035156,149.02999877929688,8815000.0,765.6099853515625,88.0,4.0,4.0,1.0,8.0,0.00015430284908254745,9.339084465402255e-05,1.0,0.0,2.0,9.0
2026-09-28,PHM,"PulteGroup, Inc.",IND,118.51000213623047,121.08999633789062,118.2300033569336,119.12999725341797,1585400.0,765.6099853515625,154.0,4.0,4.0,3.0,10.0,-4.772236185464909e-05,-6.58321845141692e-05,-1.0,0.0,4.0,30.0
2026-09-28,PM,Philip Morris International Inc.,STAP,190.55999755859375,194.02000427246094,189.69000244140625,193.75999450683594,3910500.0,765.6099853515625,123.0,1.0,1.0,1.0,1.0,0.0003862570123087824,0.00024569976164644925,1.0,0.0,1.0,52.0
2026-09-28,PLD,Prologis Inc,RE,133.08999633789062,134.33999633789062,132.22000122070312,132.44000244140625,3020900.0,765.6099853515625,94.0,1.0,4.0,1.0,2.0,-6.179113338378108e-05,8.524319824269122e-05,-1.0,0.0,2.0,39.0
2026-09-28,PNC,PNC Financial Services Group Inc,FN,225.63999938964844,225.85000610351562,223.0,223.6699981689453,1336200.0,765.6099853515625,100.0,1.0,4.0,4.0,6.0,-6.862224799712714e-05,0.00016975420837203243,-1.0,0.0,4.0,9.0
2026-09-28,PRU,Prudential Financial Inc,EU,118.62000274658203,119.22000122070312,115.44000244140625,116.08999633789062,1510700.0,765.6099853515625,103.0,1.0,4.0,1.0,2.0,0.0003867077391902147,0.0004935120928902677,-1.0,0.0,2.0,82.0
2026-09-28,PYPL,PayPal Holdings Inc,FN,54.380001068115234,54.599998474121094,52.939998626708984,54.279998779296875,9864200.0,765.6099853515625,227.0,1.0,4.0,4.0,6.0,0.00012132591946457797,0.00011894005699842208,1.0,0.0,2.0,21.0
2026-09-28,QCOM,Qualcomm Inc,IT,199.16000366210938,199.16000366210938,186.7100067138672,187.47999572753906,16658100.0,765.6099853515625,285.0,1.0,1.0,1.0,1.0,0.0005768218506611134,0.0005965929236195626,-1.0,0.0,1.0,20.0
2026-09-28,REGN,Regeneron Pharmaceuticals Inc,HC,778.0900268554688,780.9500122070312,750.0,752.25,1065300.0,765.6099853515625,155.0,1.0,4.0,3.0,4.0,5.9050408706075214e-05,0.00015499433756137275,-1.0,1.0,4.0,1.0
2026-09-28,ROG,Rogers Corp,EU,136.52999877929688,139.33999633789062,134.80999755859375,136.63999938964844,142700.0,765.6099853515625,223.0,1.0,1.0,4.0,5.0,0.00024944806314575267,0.00020234322899129577,1.0,0.0,1.0,13.0
2026-09-28,ROP,Roper Technologies Inc,IT,353.6600036621094,355.55999755859375,348.7699890136719,354.0,879000.0,765.6099853515625,146.0,4.0,4.0,3.0,10.0,-9.982016719637406e-05,2.697429559327513e-05,-1.0,1.0,4.0,10.0
2026-09-28,RTX,Rtx Corp,IND,187.82000732421875,189.58999633789062,186.80999755859375,187.66000366210938,3151200.0,765.6099853515625,115.0,1.0,4.0,3.0,4.0,-0.00025946557587845013,-0.00011445901721968203,-1.0,0.0,2.0,75.0
2026-09-28,SAN,Banco Santander SA,EU,14.229999542236328,14.380000114440918,14.140000343322754,14.220000267028809,8121900.0,765.6099853515625,145.0,1.0,1.0,1.0,1.0,0.0003005177637116232,0.0004514540645040685,-1.0,0.0,1.0,124.0
2026-09-28,SBUX,Starbucks Corp,DISC,94.26000213623047,96.19999694824219,93.77999877929688,95.2699966430664,7418900.0,765.6099853515625,107.0,4.0,4.0,1.0,8.0,-0.00014580637020123727,5.2162304688399985e-05,-1.0,0.0,4.0,15.0
2026-09-28,SCHW,Charles Schwab Corporation Common Stock,FN,98.79000091552734,99.01000213623047,97.75,98.30000305175781,6030600.0,765.6099853515625,132.0,1.0,4.0,4.0,6.0,-2.6244067945603745e-05,0.0002329422189780128,-1.0,0.0,4.0,5.0
2026-09-28,SHW,Sherwin-Williams Co,MT,325.7300109863281,333.30999755859375,323.3800048828125,332.7900085449219,1456500.0,765.6099853515625,139.0,1.0,4.0,3.0,4.0,-4.49735310583794e-05,-0.00012942408358931573,1.0,0.0,2.0,21.0
2026-09-28,SHEL,Shell PLC,EU,97.41500091552734,97.62999725341797,96.36499786376953,96.47000122070312,7533939.0,765.6099853515625,109.0,1.0,1.0,3.0,3.0,0.0002469593911664988,0.0002347896430953938,1.0,0.0,1.0,55.0
2026-09-28,SLB,Schlumberger NV,EG,52.290000915527344,52.290000915527344,50.880001068115234,51.4900016784668,13933300.0,765.6099853515625,181.0,1.0,4.0,4.0,6.0,6.881990273025376e-05,3.502980199610723e-05,-1.0,0.0,4.0,9.0
2026-09-28,SNPS,Synopsys Inc,IT,421.30999755859375,427.510009765625,417.1099853515625,417.6099853515625,1546800.0,765.6099853515625,233.0,4.0,4.0,4.0,12.0,0.00010031117514189649,1.3222697386484428e-05,1.0,0.0,4.0,16.0
2026-09-28,SO,Southern Co,UT,82.95999908447266,83.06999969482422,81.91000366210938,82.3499984741211,5048900.0,765.6099853515625,78.0,4.0,4.0,1.0,8.0,-0.0006044428564138043,-0.0004058793265780723,-1.0,0.0,2.0,41.0
2026-09-28,SONY,Sony Group Corp,AP,23.31999969482422,23.489999771118164,23.170000076293945,23.329999923706055,2624000.0,765.6099853515625,141.0,1.0,4.0,3.0,4.0,0.00015032447067781605,0.0002947953423317865,-1.0,0.0,2.0,31.0
2026-09-28,SPGI,S&P Global Inc,FN,400.0,400.6499938964844,395.1199951171875,395.9200134277344,1709500.0,765.6099853515625,141.0,4.0,4.0,3.0,10.0,-6.331210828190664e-05,5.476962383375898e-05,-1.0,0.0,4.0,13.0
2026-09-28,SU,Suncor Energy Inc,CN,69.08999633789062,69.63999938964844,68.45999908447266,68.7699966430664,4185300.0,765.6099853515625,152.0,1.0,4.0,3.0,4.0,0.00020130672933407228,0.00026142730012482067,1.0,0.0,2.0,30.0
2026-09-28,SVNDY,Seven and I Holdings ADR Representing 0.50 Ord Shs,AP,12.729999542236328,12.729999542236328,12.59000015258789,12.59000015258789,119222.0,765.6099853515625,138.0,4.0,1.0,1.0,7.0,-0.00013597157570370915,-1.2623889948492386e-05,-1.0,0.0,2.0,17.0
2026-09-28,T,AT&T Inc,COMMS,25.399999618530273,25.399999618530273,24.860000610351562,24.899999618530273,29162600.0,765.6099853515625,127.0,1.0,4.0,3.0,4.0,-2.8143975915112057e-05,-9.475258404342901e-06,-1.0,0.0,2.0,25.0
2026-09-28,SYK,Stryker Corp,HC,273.5,276.94000244140625,271.1000061035156,275.30999755859375,2486000.0,765.6099853515625,184.0,4.0,4.0,4.0,12.0,-0.0003972037734196341,-0.0003176767060722989,-1.0,0.0,4.0,30.0
2026-09-28,TEVA,Teva Pharmaceutical Industries Ltd,ME,38.36000061035156,39.11000061035156,38.29999923706055,38.880001068115234,4305000.0,765.6099853515625,172.0,1.0,1.0,3.0,3.0,0.0004310613569375006,0.000540479698384499,-1.0,0.0,1.0,43.0
2026-09-28,TGT,Target Corp,STAP,156.60000610351562,160.8000030517578,156.2100067138672,158.42999267578125,3394300.0,765.6099853515625,148.0,1.0,4.0,3.0,4.0,0.00042545394019625793,0.0005102771940947078,1.0,0.0,2.0,9.0
2026-09-28,TJX,TJX Companies Inc,DISC,129.89999389648438,132.19000244140625,129.0,130.25,5886200.0,765.6099853515625,118.0,4.0,1.0,3.0,9.0,-0.0005508020904607833,-0.0005945230385908559,1.0,0.0,1.0,3.0
2026-09-28,TMO,Thermo Fisher Scientific Inc,HC,668.02001953125,682.6099853515625,664.22998046875,678.5999755859375,1904500.0,765.6099853515625,141.0,1.0,1.0,3.0,3.0,0.0007018530886139007,0.0006238350786038087,1.0,0.0,1.0,52.0
2026-09-28,TM,Toyota Motor Corp,AP,189.1999969482422,189.77000427246094,187.8800048828125,188.3000030517578,199800.0,765.6099853515625,116.0,4.0,4.0,3.0,10.0,-0.00012961753974024542,-4.286774167381761e-05,-1.0,0.0,4.0,4.0
2026-09-28,TMUS,T-Mobile Us Inc,COMMS,165.6300048828125,167.5,164.52000427246094,166.4499969482422,4792300.0,765.6099853515625,177.0,4.0,4.0,3.0,10.0,-0.00027457766963619455,-0.00029115244707618026,-1.0,0.0,4.0,14.0
2026-09-28,TSLA,Tesla Inc,DISC,368.05999755859375,369.42999267578125,356.79998779296875,357.45001220703125,39347100.0,765.6099853515625,240.0,4.0,1.0,3.0,9.0,0.00015054422710008647,0.00016272472958898452,-1.0,0.0,2.0,9.0
2026-09-28,TXN,Texas Instruments Inc,IT,277.6000061035156,279.3299865722656,273.8999938964844,278.30999755859375,4911900.0,765.6099853515625,183.0,1.0,1.0,3.0,3.0,0.00048329266797823156,0.00042057004522251095,1.0,0.0,1.0,2.0
2026-09-28,TTE,TotalEnergies SE,EU,91.69000244140625,91.69000244140625,90.12999725341797,90.33999633789062,2129000.0,765.6099853515625,116.0,1.0,4.0,3.0,4.0,9.727512595001518e-05,0.00014763582207279863,-1.0,0.0,2.0,101.0
2026-09-28,UNP,Union Pacific Corp,IND,273.3999938964844,275.7699890136719,272.5,274.1000061035156,2414300.0,765.6099853515625,107.0,1.0,4.0,3.0,4.0,0.00011632230949087302,0.00022325703164877405,-1.0,0.0,2.0,163.0
2026-09-28,UNH,UnitedHealth Group Inc,HC,376.3599853515625,380.9800109863281,374.55999755859375,377.8299865722656,4614700.0,765.6099853515625,113.0,1.0,4.0,1.0,2.0,0.0004894762965476841,0.0006464454534514403,1.0,0.0,2.0,37.0
2026-09-28,UPS,"United Parcel Service, Inc.",IND,93.75,94.38999938964844,92.7699966430664,94.25,4778100.0,765.6099853515625,153.0,4.0,4.0,1.0,8.0,-0.00011762177148782353,1.526213240241338e-05,-1.0,0.0,4.0,14.0
2026-09-28,VALE,Vale SA,SA,13.380000114440918,13.680000305175781,13.34000015258789,13.59000015258789,23175900.0,765.6099853515625,151.0,4.0,4.0,3.0,10.0,-0.0002054387676781082,-2.0741828130728892e-05,-1.0,0.0,4.0,11.0
2026-09-28,V,Visa Inc,FN,366.70001220703125,370.5,366.05999755859375,367.739990234375,6381000.0,765.6099853515625,96.0,1.0,4.0,1.0,2.0,0.0004524980181456367,0.00047375580891367884,1.0,0.0,2.0,71.0
2026-09-28,VIV,Telefonica Brasil SA,EU,11.380000114440918,11.430000305175781,11.270000457763672,11.289999961853027,853000.0,765.6099853515625,126.0,4.0,4.0,3.0,10.0,-0.0003801047174042395,-0.0002899350478065955,-1.0,0.0,4.0,1.0
2026-09-28,VOD,Vodafone Group Plc,EU,16.81999969482422,16.860000610351562,16.549999237060547,16.579999923706055,2348300.0,765.6099853515625,150.0,1.0,4.0,1.0,2.0,0.0002023406672767099,0.0003714282091266343,-1.0,0.0,2.0,56.0
2026-09-28,VZ,Verizon Communications Inc.,COMMS,47.040000915527344,47.099998474121094,46.43000030517578,46.68000030517578,16722400.0,765.6099853515625,120.0,1.0,4.0,3.0,4.0,-1.9083651307747382e-05,1.742481266292827e-05,-1.0,0.0,2.0,46.0
2026-09-28,VRTX,Vertex Pharmaceuticals Incorporated,HC,524.27001953125,529.8900146484375,521.1599731445312,527.6699829101562,823500.0,765.6099853515625,128.0,1.0,4.0,3.0,4.0,0.0003433961581633483,0.0002890341991849019,1.0,0.0,2.0,14.0
2026-09-28,WFC,Wells Fargo & Co,FN,82.69999694824219,82.88999938964844,80.58000183105469,80.80999755859375,12968300.0,765.6099853515625,127.0,4.0,4.0,1.0,8.0,-6.106862202832714e-05,0.00019619548594653957,-1.0,0.0,4.0,5.0
2026-09-28,WM,"Waste Management, Inc.",IND,207.07000732421875,208.0,205.8000030517578,206.44000244140625,1625600.0,765.6099853515625,93.0,4.0,4.0,1.0,8.0,-0.00039342814822160353,-0.0002675887843313263,-1.0,0.0,4.0,42.0
2026-09-28,WMT,Walmart Inc,STAP,107.9000015258789,109.41999816894531,107.2699966430664,108.7300033569336,16908100.0,765.6099853515625,139.0,4.0,1.0,3.0,9.0,-0.0002602239546376333,-0.00023691562101991258,1.0,0.0,1.0,9.0
2026-09-28,XOM,Exxon Mobil Corp,EG,162.8000030517578,163.5399932861328,161.0500030517578,162.52000427246094,12809500.0,765.6099853515625,131.0,1.0,4.0,3.0,4.0,8.068292540118981e-05,7.286873417615136e-05,1.0,0.0,2.0,55.0
2026-09-28,YPF,YPF SA,SA,53.0,53.0,51.25,51.369998931884766,1061300.0,765.6099853515625,180.0,1.0,4.0,1.0,2.0,0.0002592687823534847,0.00032073103573156104,-1.0,0.0,4.0,1.0
2026-09-28,ZTS,Zoetis Inc,HC,70.5,71.68000030517578,70.08000183105469,71.43000030517578,3813600.0,765.6099853515625,167.0,4.0,4.0,1.0,8.0,-0.0005452827977497466,-0.0004968435286813723,-1.0,0.0,4.0,14.0
2026-09-28,BX,Blackstone,FN,117.0,117.3499984741211,113.87999725341797,114.55999755859375,8078400.0,765.6099853515625,181.0,4.0,4.0,4.0,12.0,-0.00010949035687386073,0.00012101939673924339,-1.0,0.0,4.0,19.0
2026-09-28,PAYX,Paychex,FN,100.08000183105469,100.9000015258789,98.91000366210938,99.30000305175781,3448300.0,765.6099853515625,186.0,4.0,4.0,4.0,12.0,-1.920398673991838e-05,0.000332023907206542,-1.0,0.0,4.0,15.0
2026-09-28,HRB,H&R Block,FN,41.939998626708984,41.939998626708984,40.099998474121094,40.34000015258789,1647500.0,765.6099853515625,238.0,1.0,4.0,3.0,4.0,0.00013023448764724885,0.0003199451380838456,-1.0,0.0,4.0,15.0
